;;-0.30727392;-0.42434323;0.6040222;0.79833657;0.9016662;0.22671375;-0.075762995;-0.38392383;-1.075078;-0.5969943;-0.5591954;0.004086472;0.21309805;-0.1558705;-0.62415737;-0.40875936;0.28675663;0.19321635;-0.59660375;0.21493664;0.52359736;0.043657433;0.6838216;0.1667837;0.024340056;-0.8723969;0.7273699;0.05573106;
0.7639188;0.26217324;0.7571553;0.9298691;0.30393526;0.049587995;-0.12959838;0.4127807;-0.51959777;0.32645243;-0.9056741;0.44371718;-0.11235408;-0.42479834;0.79922336;0.76302683;-0.14518005;-0.45276448;0.8662839;-0.6448453;-0.44417807;0.60254806;-0.08862167;0.65118957;0.30648762;-0.0553231;0.938514;-0.5986765;0.9847744;0.8225742;-0.9621283;-0.8452532;0.6602321;0.48252213;-0.84670556;-0.16960946;-1.0616057;0.58349043;0.7228117;-0.8734138;-0.78619003;0.73835695;0.7432426;-0.69889754;0.5822698;-0.38881564;-0.27386662;0.15517384;-0.011629611;-0.012728073;0.4972419;1.0760298;0.07889259;-0.1620281;-0.35449925;0.33208454;-1.0044438;-0.77371395;0.44984102;-0.12665607;-0.4274477;-0.65797055;-0.096521124;-0.5332639;0.70483685;0.016873471;-0.5847773;0.49196965;-0.57749283;-0.45014852;0.096071266;0.3381719;-0.35533243;0.17293738;0.6368337;0.874959;0.49302852;-0.39592376;-0.75128454;0.32373637;-0.5789333;0.47157413;0.3737695;-0.7740714;-0.14108855;-0.65097594;-0.5241687;-0.7055151;0.9872079;-0.88602895;0.7950086;0.74340427;-0.964955;-0.26370856;0.2900147;0.817175;-0.8523822;-0.38621613;0.70259017;-0.71208173;0.18863687;0.80274636;0.55697167;-0.5473207;-0.76942486;-0.65966606;-0.44517294;0.24670029;-0.65731454;-0.2767347;0.84228504;0.6906667;-0.9876959;0.2939725;0.81065077;0.010808565;-0.27070725;0.5905589;0.24610937;0.8103938;0.32655635;-0.15904616;0.7661789;0.42954338;-0.19858709;0.52442896;0.5718865;-0.6925489;0.7431736;0.88516057;-0.39539796;-0.44301355;-0.6383707;-0.5372007;0.025175206;0.47630754;-0.5507724;-0.29597247;0.13048077;0.35551167;-0.9834457;-0.66313386;-0.41130936;-0.7115031;0.61632836;0.62600404;-0.19045049;0.77110857;0.11544501;-0.11728934;-0.43035522;0.45629075;-0.9123036;-0.7230977;-0.9148817;0.54536456;0.2816296;0.09171775;-0.2345165;-0.07830005;-0.83140945;0.87247276;-0.30783218;-0.72105193;0.99533683;-0.54785585;0.8441136;0.36065024;-0.14631154;0.78455126;0.24023166;1.0114365;0.4365239;-0.315819;0.8847122;1.0421749;0.37500978;0.9581225;0.88615793;0.13233432;-0.45370516;-0.5791464;0.17521554;-0.6675325;-0.89602166;0.5066421;-0.5321542;-0.21187717;-0.5844956;0.63710177;0.31257606;0.68364054;-0.008783795;0.16296154;-0.9799507;0.10018701;1.0591409;-0.22061417;-0.79811394;0.2970312;-0.32233676;-0.18679936;0.54334325;0.85846215;-0.014919467;-0.30183923;0.70045996;8.9965016E-4;-0.43938375;0.09090973;-0.9526555;-0.8943557;0.115809985;-0.7644368;-0.7970328;-0.9676365;-0.15171877;-0.041133218;-0.9607182;-0.8231905;0.971707;-0.9293461;0.21371326;0.9634113;0.18643248;-0.24414785;-0.22099105;-0.8907168;0.37447634;-1.0254391;-0.09784146;0.76083976;-0.6092272;-0.6642548;0.3715548;-0.9123943;-0.5206676;-0.6221343;0.18777177;0.9199581;-0.031412765;-0.9237135;-0.48169705;-0.461564;0.29452306;-0.09742271;-0.7496896;0.9619024;0.06328619;-0.5151507;-0.7021036;0.8402389;-0.40321025;-0.53896296;-0.48837772;-0.46559379;1.0054294;-0.72143614;-0.70204127;-0.83740175;-0.8986452;0.2740986;-0.9149386;0.7058678;0.0038267002;-0.83386105;-0.83127075;-0.2999996;0.49503216;0.91092646;0.038612932;-0.20743972;-0.9396935;-0.2912765;0.21970043;0.11493186;0.69105506;-0.59724325;0.96781975;-0.19117217;0.74174964;-0.61284745;-0.36964253;-0.64486563;0.81421167;-0.16703512;0.7246058;-0.019889265;0.39297834;0.75292134;-0.40389168;0.15986145;0.77488714;-0.24421829;-0.5019118;0.90864456;-0.67590314;0.09023161;-0.91949815;-0.68001914;0.44060126;-0.8539951;0.39347374;-0.66832405;0.45587623;-0.23354772;-0.8051739;0.50676477;0.76363844;0.13204668;-0.5948676;-0.037960954;-0.7432227;0.7983407;-0.02382014;-0.36578646;-0.8266381;-0.2853371;0.8299413;-0.74906254;0.5552053;-0.6886342;0.88511324;-0.33024397;-0.5081917;0.62370765;-0.48300612;-0.13722655;-0.039409094;-0.88052064;0.6939288;-0.8418304;-0.018847562;0.6152556;-0.9002318;0.0018697083;0.57689005;-0.9973238;0.38673922;-0.12643564;-0.11835928;0.8614369;-0.89315397;-0.1190727;-0.757903;-0.1903103;0.6423731;-0.63572484;0.9485832;0.4353295;0.19727878;-0.22893749;0.47736475;-0.33683455;0.4212237;-0.09449532;0.8469996;-0.3567507;-0.48330623;0.82326746;0.87932557;0.6946559;-0.47286475;0.9245627;0.012513787;0.7067857;-1.0797675;0.4011379;-0.5607936;-0.113218874;0.36541826;-0.486457;-0.46291173;-0.1530765;-0.6415823;-0.7852886;0.42233267;-0.25010127;0.068090156;0.19428417;-0.8118053;-0.82740355;-0.12795979;-0.50473905;0.79161274;0.7106268;-0.49256682;0.4504558;0.4200129;0.92601585;-0.007838748;0.8008853;0.5085999;-0.76043665;-0.931036;-0.50838417;0.7852521;-0.8128829;-0.30867678;-0.007256381;0.39572248;-0.7044531;0.40490845;-0.53591835;0.70618916;0.6894692;0.98206204;-0.9282259;-0.2067227;0.8138007;0.5392758;0.27345842;-0.8864835;0.5499905;-0.19118333;-0.48425686;0.19478062;0.9153054;0.24562639;0.9336691;0.011593431;0.06481407;0.82932687;0.1064674;-0.8057305;-0.9352569;0.16862403;-0.69266987;-0.6213041;0.6736465;-0.36838397;-0.8129467;0.82914704;-0.6456424;0.11047087;-0.54768443;-0.23914304;0.34496474;-0.31734997;-0.5610025;0.35216674;0.6410732;-0.7466847;-0.6606461;-0.73210794;-0.61560625;0.45476776;0.2189906;;;-0.18385175;0.81421685;0.2387279;-0.94449806;0.830204;0.6186087;0.7259763;-0.15472823;0.40501887;0.021186896;-0.62466127;0.9583382;-0.2750402;-0.34289336;2.0397455E-4;0.37337264;
-0.0052257925;-0.57158685;0.39573097;-0.8042796;-0.26976597;1.0841895;0.54360676;0.3510992;-0.422047;0.84494984;-0.06631766;0.5559513;0.6157121;-0.01649519;0.48301986;-0.20740816;0.13521743;0.6860478;0.24285048;-0.83680487;0.028547503;-0.45251587;0.7626491;-0.23869029;0.2876356;0.9040478;-0.37200558;-0.31701007;0.78296673;-0.92597276;-0.69490397;0.7017818;0.213257;0.8639397;-0.79017365;-0.7473017;0.31221518;0.20277277;0.27281067;0.8099685;0.6615775;-0.5090692;0.19458792;0.7017413;0.5914382;0.59329975;-0.7239359;0.4820781;-0.35051453;-0.43263313;-0.03055586;0.37645862;0.19009122;0.39760444;-0.07646316;0.031682275;-0.027716458;-0.7936492;0.09478887;-0.5655613;0.66247237;0.829196;-0.9383845;-0.78502774;-0.5866196;-0.9205991;-0.78544414;0.4231638;0.23497069;-0.11884588;0.5984914;-0.9459982;0.28624502;-0.27450624;0.05562859;0.70781124;-0.5013743;0.795493;-0.24084474;-0.60224015;-0.1077814;-0.58116454;0.43744355;-0.9369424;-0.034410328;0.23617524;0.367382;0.010915697;0.42777655;-0.77729577;-0.23712042;0.29372704;0.89808786;-0.73188055;-0.2992017;-0.26991776;-0.3751649;-0.5932913;-0.98847246;-0.90087056;0.9684702;-0.005454965;-0.9848715;-0.42256063;-0.8423035;-0.8451949;0.606435;-0.25406948;-0.74105215;-0.7450016;-0.21628979;-0.72843784;0.6002253;0.24141875;0.6754174;-0.9356013;-0.9403916;-0.46359605;0.6483758;-0.67470247;-0.9331488;-0.8969897;-0.8219677;-0.16712728;-0.32669592;0.99948376;-0.37220845;0.6705329;-0.3790092;1.0824342;0.11930752;0.3652921;-1.013994;-0.12711081;0.2793498;0.8997003;0.28448287;0.57343084;-0.7786799;-0.53336346;-0.088781476;0.61738986;-0.53929394;0.9638611;-0.16837022;0.3425967;-0.22628379;0.87111557;-0.6329529;-0.38753894;0.28705728;-1.0827873;-0.29855895;-0.54382384;-0.8657306;0.6279544;-0.6054859;-0.93238413;-0.1697479;0.44786382;0.3116698;0.38901895;0.7005682;0.24961874;-0.8242837;-0.9891759;-0.94417024;0.0847191;0.80823845;-0.7569528;-0.47607204;-0.212679;-0.9395839;-0.24363734;0.24407876;-0.47968087;0.4336457;0.55257505;0.28662118;0.14865482;0.85966325;0.0044409856;-0.3087889;0.23947941;-0.3520503;-0.09617496;-0.2864814;-0.47780174;0.61503744;-0.32505545;0.036744706;-0.80643016;-0.71407974;-0.45401448;-0.76076365;0.32393235;0.6021087;-0.072358675;0.51318824;0.61028135;-0.8160456;-0.8788481;-0.2981182;0.6303156;0.876707;0.7711941;-0.6358783;0.7787217;-0.13965087;-0.00950408;0.58449227;0.61286217;1.0225958;-0.58667713;-0.5732334;0.99968463;-0.017475963;0.18400694;-0.524739;-0.1609369;0.9091429;-0.5455391;-0.37485924;0.04093566;0.50478953;0.15114856;0.36764246;0.85449773;-0.5824161;-0.22275212;-0.5301115;-1.0126401;-0.48974797;0.83977497;0.9714327;-0.3890219;-0.9555315;0.5342044;-0.3891164;0.9258128;-0.45954773;0.7806491;-0.24408299;-0.14443147;-0.15911223;-1.0140681;-0.76130414;-0.14547928;-0.45367187;0.0049095824;0.5961796;-0.05467332;-0.90392745;-0.90782017;0.08101636;0.95687324;;;-0.655902;-0.22817415;0.24366808;0.50260806;0.5239588;-0.69187284;0.29013592;0.52945036;0.80965626;-0.36581036;-0.8078921;-0.7242221;0.861313;0.7882182;0.26756778;0.20413044;
0.7950767;0.71868306;0.059858717;-0.079824716;-0.2639891;-0.85010034;0.82191193;-0.34587896;0.7008162;-0.75143045;-0.24019194;-0.23582813;0.8140647;0.29960042;0.40605122;0.3237566;-0.4127879;0.08604886;0.077895425;0.3751698;0.38399023;0.5732996;-0.8702238;-0.7280923;-0.14113086;-0.77837664;0.63135946;0.2903824;0.28711078;0.3940247;0.19392997;0.96884394;0.1055274;-0.11218452;0.7278049;-0.57275915;-0.7476118;-0.40137428;-0.657832;0.036395703;0.23300645;0.32458284;0.1961789;0.63827217;-0.7556224;-0.6638326;-0.52357334;-0.5287416;0.76781803;0.7737742;0.8107544;0.4252897;0.18289827;0.59028375;-0.2678058;-0.55871844;0.56904316;-0.17003113;0.07921239;-0.82225716;0.14301383;0.72783893;0.85967666;-0.90541166;0.33106527;-0.37495568;0.5159158;1.0500666;0.89391726;0.8262381;-0.69304496;0.17136797;-0.38924572;0.47381648;-0.52852833;-0.85712206;-0.41468725;-0.11826833;0.15122437;0.5581856;0.46269524;0.5580944;0.7396727;-0.99713993;-0.66011065;-0.24894261;0.7742119;-0.72534764;-0.48394486;0.37649465;-0.6870868;0.006180078;0.060479067;-0.77123696;0.9278642;0.5323012;-0.7233188;-0.56264096;-0.79282725;-0.8597179;-0.48950547;-0.5874457;-1.0135994;0.2555096;-0.6119743;-0.57788134;0.8276619;-0.15109806;0.6762386;-0.9409885;-0.2691753;1.0043153;0.9344895;-0.20355165;0.2962226;-0.044855192;0.16968042;-0.8179817;0.76198727;0.38896763;0.6207787;-0.4034435;-0.4884217;0.027470745;0.18029208;0.8962467;0.58829665;-0.1839413;-0.18913068;0.26795128;0.26352683;0.10343218;-0.36546195;0.8580425;-0.015832316;-0.24392256;0.36017096;0.18403006;-0.12783065;0.23600614;-0.82838666;-0.7939466;0.9653049;0.27223107;0.72448653;0.02183307;-0.42672935;-0.7226346;-0.105978355;-0.946055;0.87691224;0.30037713;-1.0206411;-0.47769198;-0.3791572;0.26493287;0.80159;0.93754846;-0.15907574;-0.48008934;-0.86659944;0.312426;0.6280469;0.52456176;-0.23248872;-0.83121777;-0.24164778;-0.39455116;0.86919785;-0.3835051;-0.1824938;-0.44431353;-0.73499084;-0.60130715;0.012838207;-8.41327E-4;-0.60461426;-0.565986;0.6021255;-0.8867129;0.8032204;-0.15804192;-0.028488345;0.49356982;0.2434848;-0.8885883;-0.33249158;-0.3484877;0.58088565;0.56519616;-0.27075768;0.06471739;-0.0069040805;0.58501184;-0.12293166;0.04380258;1.0164461;-0.80857474;0.29238215;0.3454578;0.85904515;0.5225718;1.070926;-0.3556404;0.16313529;-0.076984294;-0.45190868;-0.32119808;0.22407317;0.14073622;0.57968646;-0.4941955;0.7676642;-0.664519;0.5153414;0.24110901;0.35066313;-0.5742502;1.0241921;0.5178681;-0.71890944;-0.4555514;0.32368913;0.27498537;-0.14440002;-0.7652271;0.9223416;-0.01804135;0.8804669;-0.9018433;0.115915835;-0.37826902;0.280856;-0.6948555;0.9740712;-0.91355115;-0.49013874;0.8978186;-0.5793762;-0.70682144;0.44439527;-0.65106463;-0.35440814;-0.7024724;0.29934478;0.7982008;0.090886734;-0.22723153;-0.39550814;-0.2398645;-0.17602527;0.6304589;0.07053814;0.4907558;0.65504485;-0.5142972;;;0.8211543;-0.1881808;0.46318018;0.5160925;0.3873131;-0.37834403;-0.12425977;-0.3719766;0.6482515;0.57063323;0.29262292;0.12746958;0.5602406;-0.35292962;0.86328584;0.094456546;
-0.9600678;0.50594854;0.20936763;-0.8186322;-1.0366192;-0.52197057;-0.16053899;-0.80513144;0.3049335;-0.27897662;-1.0749509;0.9796286;-0.6279921;-0.28277972;0.79782933;-0.40082395;0.29237095;-0.31648237;0.78860956;0.005110778;0.5798638;-0.3599424;-0.9433303;-0.6994453;-0.057396032;0.48270488;-0.7440518;0.5371156;-0.6954656;0.22237253;0.8506169;0.7367896;0.08677111;-0.20927487;-0.37242413;-0.69887614;0.53954196;0.6670642;-0.9428959;-0.04038801;0.32858872;0.4552211;0.22536874;0.71769226;-0.33825183;0.03205798;-1.0962986;0.091865376;-0.20799407;0.6007029;-0.07048475;0.66535085;-0.24734;0.1119123;0.6524441;0.2623448;0.46831065;-0.13401493;-1.053251;0.62234503;-0.2577659;0.07542056;0.40724447;0.75815344;0.046280153;-0.6449621;0.030962706;1.0020676;0.73377186;0.91154945;0.34048054;-0.91558;-0.5410304;0.42859927;0.5272961;0.6470224;-0.5815002;-0.31394085;0.9848566;-0.6287791;-0.46926755;-0.7861114;0.3607915;0.79616565;0.038428873;-0.23885226;-1.0133727;-0.88245004;-0.14193317;0.25976804;0.24071053;-1.0095339;-0.093914144;0.6804646;-0.13371815;-0.5878186;-0.3921188;0.9146941;0.7016076;0.33153015;-0.7602882;-0.8281635;-0.91722184;0.3212679;-0.5332271;0.35480368;0.35225147;0.25813472;-0.17748025;0.07004921;0.8474257;0.6825183;-0.27508548;0.33947805;-0.3465104;0.1555109;-0.85539323;0.11202955;-0.716494;0.09579867;0.028139435;-0.878272;-0.90385044;0.86222315;0.23611328;0.10677068;-0.122272864;1.0500008;0.48182374;-0.9092542;7.086247E-5;0.08948778;0.75022423;0.13234544;0.51960665;0.87602144;0.7401542;-0.7260349;0.5053604;0.9177738;0.8046043;-0.037650183;-0.22512624;-0.63430476;-0.53561956;0.17597511;0.67696637;0.6855299;-0.16013718;-0.12587771;0.78898716;-0.75347227;0.6836406;-0.018369675;0.5936633;-0.6651173;-0.0963588;0.3410815;-0.6331385;-0.5479314;0.3419581;0.9007014;-0.35745722;0.22914779;-0.08108408;-0.9384743;-0.67510414;-0.92222774;0.86500037;-0.41858912;0.99010324;-0.59300077;-0.9548875;0.32623976;-0.43860227;-0.33781302;-0.86980397;0.6701956;-0.84896743;0.7881402;-1.0093775;0.07725058;0.44149786;-0.4166821;0.7738007;0.34504202;0.5257771;-0.20468092;0.28531888;-0.23992296;0.4426477;-0.48999283;-0.28149104;0.39973664;-0.6720083;-0.39246574;0.87166166;-0.17818296;-0.24320604;0.7981743;-0.44479614;0.20637551;-0.727037;0.60927176;-0.47701025;0.857416;-0.5046746;-0.3282378;0.16243836;0.033477418;-0.2518987;-0.2493807;-0.0524093;0.15645954;0.29288256;-0.4217698;-0.7027578;-0.052957058;0.13659364;0.08310083;-0.81285644;-0.84716386;0.656128;0.45844057;0.64084905;0.8719048;-0.48468733;0.6860745;0.068127416;-0.7703895;-0.8464335;-0.37922046;0.3329355;-0.65928805;-0.10192609;-0.25146103;-0.18520883;0.88145417;0.6925136;-0.5406407;0.3779687;-0.3921076;-1.0546634;0.3211906;0.2822755;-0.81302375;-0.12069776;0.6061415;-0.74274707;-0.8440632;0.41144103;0.40357605;-0.58151597;0.8932971;0.80882347;-0.14316964;;;-0.96972805;-0.6286515;-0.44952422;0.38118452;-0.08670579;0.56520915;-0.22050571;-1.0396261;-0.44108158;-0.48239768;0.8518698;-0.022678696;-0.85629505;0.60127014;-0.020253003;-0.88807815;
-0.9617933;-0.31754348;-0.97319835;0.03460916;-0.3264885;-0.73082966;0.94213223;0.13908078;-0.8329404;-0.67303824;-0.48347917;-0.809041;-0.48389614;-0.5372818;-0.6888683;0.3213116;-0.95723385;-0.7864899;-0.25632554;0.46485513;-0.8810189;1.0327893;-0.3792279;0.7323132;0.61270124;0.6402686;0.67773265;0.11479802;0.7785761;-0.7054194;-0.47186407;-0.45476466;-0.933097;-0.34065878;-0.1643926;-0.7122519;0.34398323;0.663515;-0.9011387;-0.70943534;-0.6948989;-0.09399834;-0.21144256;0.3214153;0.418185;-0.07786033;-0.50927424;0.4065286;0.76178825;-0.7836572;0.19647422;0.5152379;-0.5846311;-0.62963843;0.3314072;0.17185909;-0.97706866;0.9606843;-0.25935903;0.33489296;-0.61707085;0.061363876;0.6365155;0.060762025;-0.58208656;0.3700842;-0.9239391;0.16518396;0.046748467;0.875548;0.8639897;-0.09006614;0.32030195;-0.91670305;0.67444575;-0.7238513;-0.3116488;0.13484363;-0.9490478;0.23747101;-0.55896366;0.0915215;0.57896084;-0.3827688;0.81252337;-0.99026877;-0.0708827;-0.19648483;0.5476288;-0.79171556;-0.15818179;0.0043607727;0.11399267;0.9213213;-0.1351564;-0.14752212;-0.80702835;-0.65819955;0.16581376;-0.18521696;-0.598238;-0.5091672;-0.5800725;0.82668865;-0.81265426;0.59715545;-0.5791002;0.25448608;0.089691155;0.3388155;0.8792298;-0.7086903;-0.30277652;-0.014345914;0.45688885;0.61306566;0.61191905;-0.6135403;-0.3587703;-0.03963753;1.0044594;-0.53132266;-0.41661876;-0.72912735;0.071721755;-0.53866225;0.51759934;0.6637079;0.30946347;0.4133932;-0.3619893;-0.4267127;-0.21760115;0.15991902;-0.46210656;-0.35517493;0.9119489;-0.91233647;0.5141013;-0.9630356;0.9087823;-0.5307952;0.20544788;-0.27076718;0.052851163;0.17149177;0.76883006;0.5028908;0.5679622;-0.40017468;0.70057917;0.653396;-0.1489917;-0.38764483;-0.7170113;-0.9988978;0.897822;-0.16705728;0.6771817;0.9939621;0.3181995;-0.8982353;0.09343774;-0.1580998;-0.04802244;0.13330364;-0.1511868;0.68717086;-0.41386634;-0.1996033;-0.5306519;-0.001584202;0.62971425;-0.36921373;0.9103645;0.47828156;0.028982818;-0.5108595;0.25332218;-0.20463943;-0.6004852;-0.77721584;-0.9085934;-0.40913984;0.3150532;-0.92659533;0.8384896;0.6688116;-0.47522724;0.6997712;-0.21269205;0.05577173;0.7711892;0.7180271;0.30267102;0.5118724;1.050284;0.14639214;-0.3357825;-0.71027875;-0.0064983293;-0.35986906;-0.42929763;-0.3289463;0.7581119;-0.47957936;-0.8159943;-0.53681374;0.18801697;-0.86272836;-0.7739835;-0.19178084;0.6514174;-0.93806905;-0.55474263;-0.85241497;0.27483806;0.17821866;-0.6574283;0.9929377;-0.12514955;0.93502486;0.18641177;0.8815252;-0.6605861;0.03371386;-0.34177542;-0.45991164;-0.46990538;-0.345541;0.947141;-0.9540249;-0.2354925;-0.6254467;-0.0393605;0.45755953;0.1951592;0.79951555;0.33406264;-0.811798;0.12646103;0.014333285;-0.8931726;-0.6811127;0.90601295;0.2674603;-0.51312;0.684322;-0.3106535;0.024206363;-0.7525903;-0.47432277;-0.29084766;-0.1310673;0.79104227;-0.21969628;;;-0.31939977;-0.70300984;-0.62330025;-0.12534845;-0.15630032;0.61760914;-0.9669795;0.40127045;-0.71826786;0.5879732;-0.5203041;-0.7058328;0.1616225;0.81648654;0.7442915;-0.13105482;
0.017704643;0.20976052;0.2970798;-0.034952052;-0.85533;0.5931275;0.63012415;0.017080195;-0.42142496;-0.6914951;0.67931414;0.39057347;0.026619673;0.88621205;0.12926166;-0.6552827;0.056994103;0.39886424;-0.94906735;0.9304708;0.47942704;-0.16426179;-0.49940664;-0.402879;-0.064843945;-0.81496704;-0.943882;0.4637507;0.6718738;0.27921805;0.38291073;-0.6857714;-0.09520697;0.24518718;-0.9933416;-0.80476767;-0.1406934;0.8062093;-0.6761604;-0.5635384;-0.84619325;0.106689535;-0.6966207;0.3706018;-0.5869388;0.5735296;-0.6759556;-0.19225907;-0.29686666;-0.41060224;-0.44785675;1.0148462;0.14816546;0.8334943;-0.6072037;0.56555164;-0.4725668;0.24441916;-0.9544895;-0.64109147;0.75791454;-0.5224757;0.6610002;0.5578984;-0.8567997;0.865656;0.63115543;0.36940578;0.31391305;-0.95253503;0.14777431;-0.12300206;0.49788448;-0.19851431;0.7381323;-0.65374416;-0.8598232;0.4169623;1.0266753;-0.85044956;-0.4563781;0.34391755;0.48208356;0.703055;-0.6801122;0.2952382;-0.21233702;-0.02656553;0.82916397;0.82257295;0.5204846;0.5950507;-0.75660133;-0.9443898;0.04089912;-0.55933106;-0.006396897;-1.0191698;0.6790197;-0.79044616;0.1560759;0.74109715;0.85847294;-0.76351404;-0.80451524;-0.6385214;-0.4798191;0.28363338;-0.78541964;0.6494583;-0.499852;0.1543583;-0.13909733;0.77922577;0.17518598;-0.6360627;-0.289825;-0.34999514;-0.48077634;0.21682504;-0.31583107;0.7074019;-0.88969314;-0.32651582;0.4676563;0.5345322;0.7946051;0.9419597;-0.8353458;-0.64379597;-0.15129545;-0.79973197;-0.62149894;0.65471315;0.78517514;-0.9546764;0.31339052;0.16982526;-0.18113771;-0.027477898;0.7768241;-0.55170226;0.8525633;1.0172495;-0.48696882;0.019811578;0.050711922;0.23548257;0.5167391;0.20646378;0.6484025;-0.03470233;0.26476195;-0.47800997;0.39054716;0.9944989;-0.040282823;0.9846596;0.91217196;-0.73826957;0.3057555;0.45431378;0.05581653;-0.6606681;-0.96946263;0.3092852;-0.024285376;-0.714154;-0.669235;0.0029649362;0.10089128;0.51448566;0.85042113;-0.5174459;0.6205277;-0.8989822;-0.8985506;-0.88593876;-0.8850996;-0.7495849;0.00594645;0.23788062;-0.31608325;0.65628207;0.077024184;0.3783094;-0.37727237;0.6204539;0.6623339;-0.35186487;0.16010864;0.4523177;0.2498318;0.62594885;0.210264;-0.96169305;-0.7202999;0.33911216;0.8924167;0.76166105;-0.38057476;0.55933;0.54500926;0.56094974;-0.5591305;0.21055456;0.9025522;0.24300131;-0.71124166;-0.8995302;0.21311584;-0.5882202;0.44934186;-0.3829226;-0.046825327;0.7393988;0.7160768;-0.31906936;0.24397059;0.78886276;-0.093994245;-0.68866426;-0.31022274;1.0002705;-0.1938958;-0.3486374;-1.056595;-0.4268817;-0.57680583;0.6017799;0.6579973;-0.18301396;-0.5258847;-0.261943;0.6066318;0.30128777;-0.41532463;-0.27265862;0.44244978;-0.9880811;0.46649215;-0.37614825;-0.9680026;0.91852874;0.6101716;0.60139406;-0.27682552;-0.5292046;-0.22864509;0.48073402;0.10664732;-0.2245197;-0.26699847;0.62733424;-0.20420815;-0.6418139;;;0.3028632;0.03148319;-0.31480366;0.68464124;0.049437933;0.43812257;0.051461257;-0.7940172;-0.30722022;-0.53230214;-0.8675021;-0.59909314;-0.051623635;-0.037867315;0.662735;-0.28529444;
0.77289146;0.10155177;-0.54839355;-0.15889327;-0.6200932;-0.032350965;-0.9285977;0.85748225;-0.11811896;-0.42137933;0.6680265;-0.6926123;0.97138363;-0.8116407;-0.97558326;-0.9734537;-0.91975725;0.42912465;0.4913415;-0.27071342;-0.4504138;-0.51781684;0.25400087;-0.8879057;-0.29316288;-0.115069635;-0.17468202;0.48933423;0.57756513;0.22578336;0.44802156;-0.04665132;-0.33932325;-0.5603439;-0.75242406;0.14703715;-0.6352331;0.29710042;-0.4932691;0.35166866;0.74153817;-0.820777;-0.47007757;0.52607924;0.859031;-0.6517428;0.23196486;-0.41444677;-0.067006834;-0.7398021;0.42043975;-0.020413212;-0.020946003;0.4211749;0.94489396;0.51738;0.86145335;0.46326938;-0.14157757;-0.8016978;-0.40408698;-0.69175386;0.27842113;-0.46827608;0.014821548;-0.10079724;0.94325805;0.67650807;0.022243187;0.2104067;0.34031817;-0.9049015;0.4543434;0.09461582;-0.6716563;0.50054723;0.61766285;0.7949523;-0.0068038777;0.87696505;0.9032547;0.83492136;-0.7388665;-0.72521794;-0.3309602;-0.49455807;0.54740286;-0.07814752;-0.5541847;-0.5082223;-0.15959004;0.3498352;0.054192938;0.5260323;0.31294173;0.11243138;0.42032623;-0.2876066;0.21187313;0.06795817;0.14762226;0.9525878;0.0065052435;-0.08661339;0.23972164;0.89802766;-0.6268586;0.49036923;0.77686197;0.87290823;-0.040283807;0.13593243;-0.37666887;0.44903237;0.009258024;0.021406077;-0.011950839;0.008420065;0.42467237;-0.7871874;0.47340402;0.30377713;0.5297964;0.094334915;0.7293035;0.9196729;-0.17711371;0.42363083;-0.42000872;0.048803665;-0.37134203;-0.56633747;0.7105096;-0.27201417;0.9337152;-0.93964565;-0.112221316;0.027551271;-0.96234226;-0.6412071;0.64809835;0.45558855;-0.4316253;0.07283389;1.0084631;0.42499745;-0.5050111;-0.25612813;0.85341805;-0.96340173;0.8256284;0.28418607;-0.78773177;-0.94444114;0.89966244;-0.00133349;0.27329162;-0.7988206;-0.42474946;-0.7841213;0.48219082;0.7315941;0.57301426;0.18531913;0.4413524;0.7852266;0.56535167;0.51236534;0.5645745;0.039854564;0.09837454;0.33582228;0.74875224;0.9679179;-0.5003364;-0.69488794;0.4996016;-0.096775815;0.9599909;0.5850582;0.19283617;-0.11052095;-0.01912342;0.6058589;-0.7347021;0.45509535;-0.04769724;0.08424468;-0.28762302;0.051504813;0.96612227;-0.431037;-0.081354074;0.70372146;-0.5193429;0.8096336;0.7679638;0.4521798;-0.06930349;-0.7873376;-0.6326025;0.41389164;0.22456124;0.3313041;0.976138;-0.64125705;0.08611568;-0.46089035;0.856181;-0.016728915;0.9845664;-0.44310504;0.9558707;-0.030460306;-1.0513997;-0.65698594;0.8004976;0.24075055;-0.116125755;-0.3848807;-0.90402555;-0.8319953;0.70407915;0.34873986;0.7521981;-0.35585064;0.64576316;0.39390647;-0.8979542;-0.8790796;-0.23419073;0.26570216;-0.9699633;0.7046142;0.017924074;0.19801307;-0.068472676;0.42329338;-0.7292967;-0.49809483;0.09889331;-0.18494064;-0.43519646;-0.6590507;0.67548925;-0.15780693;-0.3895407;-0.7745337;0.73126;0.40999106;-0.40095592;-0.76393825;0.29571828;0.46189788;-0.55641264;0.01396928;;;0.5345828;0.33405903;0.17311929;-0.8983817;0.6757126;0.38268957;-0.81557506;0.68149185;0.37805647;-0.15331852;0.40225378;0.5447385;-0.005827464;0.07564232;-0.8847638;0.22314921;
0.802461;-0.15991649;-0.46027482;-0.96098816;0.7795839;-0.9542512;0.6174885;-0.43300092;0.646639;0.39809683;0.1756388;1.0606503;0.15448508;-0.39427248;-0.6315997;0.97315127;-0.12579712;0.773061;-0.7197289;0.79801595;0.12801479;0.9128554;0.49885252;0.06992521;0.5340689;-0.1918279;-0.23692563;0.29936942;0.34533054;-0.6288319;-0.5412395;-0.1331;0.13841039;0.38262233;0.9684369;0.07368216;0.85249406;-0.54862636;0.0859959;-0.16529971;0.09162359;1.0068728;0.6792922;-0.8906431;0.9854174;0.93082196;-0.07504376;0.09136135;-0.84609824;-0.55459505;0.9496714;0.42569855;0.24146202;0.7058739;0.7908737;-0.3148822;0.8730083;-0.60570544;0.4372916;-0.5780185;0.3422856;0.67901456;-0.27404305;-0.88654053;-0.33215454;-0.40905038;0.6572755;0.038955085;-0.75346947;-0.026946671;-0.5565389;-1.0317023;-0.8025888;-0.5166414;0.12809408;-0.902368;1.0209475;0.07475582;0.50577784;0.74708694;-0.4012628;-0.66380835;0.7308283;0.5302029;0.62854654;-0.53974974;-0.76735926;-0.1802561;0.7274033;-0.79890174;-0.24715856;-0.8320778;-0.3576268;0.20455223;0.6855393;0.49120936;-0.31577885;-0.071454324;-0.5630424;-0.49919355;0.84349835;0.8275525;0.6244341;0.2494955;-0.53831923;-0.85145885;-0.79276156;-0.026008628;0.61181974;0.9788108;0.28286964;-0.36093697;0.0937546;-0.70241654;0.69245386;-0.064409785;-0.831733;-0.08650077;-0.64242417;-1.0506284;-0.95734835;-0.68081546;0.8183383;0.50089693;-0.9229966;-0.33816087;-0.64134735;0.25844696;0.9061166;0.015307479;-0.41027203;-0.652221;-0.4337796;0.5443765;-0.18356673;-0.07869019;-0.12113345;0.5760641;0.13367225;-0.19189811;-0.8238842;0.6354368;0.59111714;-0.45689178;0.15176025;-0.6349848;0.12461266;-0.42996848;-0.0073482916;0.92710656;0.88126844;-0.57320094;-0.8177073;0.3874173;0.06272348;0.85605526;1.0756844;-0.30391794;-0.7227277;1.0352211;-0.4799911;0.018760383;1.026508;-0.50843155;-0.1599389;-0.67426854;-0.44415575;0.35740492;0.8204316;-0.2790605;0.6707435;0.82886714;-0.30172375;-0.014287725;0.6616848;0.41896063;0.23109531;0.8234052;-0.60913;-0.3586064;0.023281865;-0.8785104;-0.32762542;-0.47360945;-0.7167188;-0.0033655688;-0.075086094;0.65307635;-0.35995448;0.65609705;0.09260164;-0.8148317;0.17304625;0.3952684;-0.38595605;0.31760943;0.40444946;-0.04351364;0.37381798;-0.018570833;0.06514094;0.19825849;0.49285004;1.0125134;-0.021874957;0.3668063;-0.69458514;0.26711386;0.20340872;1.023366;-0.06955952;0.7628253;-0.3421847;-0.9390415;-0.12648508;-0.9615877;0.56126094;-0.7566417;-0.7065497;0.7592555;0.6678611;0.5167708;0.33347118;-0.2526517;-0.28417835;0.5812458;-0.74794406;0.085661255;-0.12559697;-0.7358674;-0.4078307;0.5363504;0.97933507;0.7119025;-0.29991236;1.0206764;-0.5701072;0.10943814;0.54622537;0.93565285;-0.6285694;0.54741585;-0.18966362;0.028343238;-0.99349016;-0.8113231;-0.22782674;-0.58663166;-1.0341623;0.433507;0.69614583;-0.69741046;0.027073972;0.7515209;0.51473635;-0.8819199;;;0.69514614;0.034367338;0.10038555;0.6803941;0.4520506;-0.2712535;-0.53072435;-0.09620707;-0.7527963;-0.36674598;-0.71710134;0.68848556;0.8312402;-0.11466069;0.40450877;0.6770899;
-0.7632538;0.12618926;-0.37248382;1.0384175;0.47874653;-0.68837684;-0.37840515;-0.14366347;-0.61414695;0.53610504;0.23973405;-0.96513706;0.77981836;0.35475764;0.5956764;-0.7172218;;;0.79682225;
