;;0.62477964;0.5561452;-0.6880252;0.18815649;-0.55705154;-0.90402514;-0.5266276;0.9510585;-0.47009254;0.53672045;0.86265194;-0.17771891;-0.195286;0.83053076;-0.94479936;0.017568894;-0.2953522;-0.6389671;0.8755578;0.31955338;-0.16444916;-0.3883149;0.3713046;-0.7953423;0.58699465;-0.7004819;-0.755266;0.9564439;
-0.7856557;0.3883927;0.79778856;-0.36158246;-0.023687843;0.18086566;-0.033347227;-0.80635685;-0.9781344;0.8414642;0.8620323;0.20160764;-0.15561984;0.4266337;0.5895527;-0.44539338;0.4636999;0.18782821;-0.39814007;-0.083486214;0.058291264;0.5741824;0.42989993;-0.9038714;-0.45004988;0.7899078;-0.24449402;-0.5946151;0.042545937;-0.64098144;0.22082044;-0.92046124;-0.5659415;-0.08379281;0.32222375;0.5120381;0.15768802;-0.022354878;0.8073459;-0.7988846;-0.73690856;0.5491988;0.18337983;0.71822786;-0.47717655;0.702011;0.6533175;0.49030805;-0.65817046;0.48660746;0.023877673;-0.6616289;0.5593686;0.16665234;0.27479059;-0.665636;0.56300855;0.93218356;0.34375548;0.62622386;0.28336906;-3.7802756E-4;0.6647855;-0.5620468;-0.79394716;0.12206069;-0.9002;-0.32289824;0.32373455;-0.38170242;0.7242267;-0.5236168;0.35664755;-0.31721047;-0.13297832;0.15923908;0.19373333;0.16116506;0.8639146;-0.048999682;-0.650509;-0.23285651;0.95983493;-0.74212027;0.49308878;0.4766701;0.8923742;-0.6946312;-0.81342816;-1.0362116;-0.2972142;-0.034306712;-0.33197615;-0.15977038;0.654424;0.91082287;-0.76668406;-0.47308847;0.79067224;0.8031116;-0.49340484;-0.7794992;-0.5646921;0.2799855;-0.3550557;0.2219019;-0.7720997;0.6021774;0.69666165;-0.53400236;-0.7047633;0.21684575;-0.6746114;0.6331776;-0.11308019;-0.26249957;-0.6761681;-0.2668489;0.2491787;-0.6380076;0.971105;0.930252;0.2755829;-0.26208514;0.9367319;0.22690547;-0.043252163;-0.058407374;0.30213317;-0.7618662;-0.9467294;-0.03757047;0.5569392;-0.5250546;0.93702894;0.6787133;-0.26725844;0.90815455;-0.0143705085;0.37406796;-1.0390729;0.10664734;0.6731867;-0.22442263;0.28400436;0.7353166;-1.0222367;-0.6048105;0.5113599;0.05784797;0.72170115;-0.57465136;0.8906534;-0.2817436;0.1757223;0.37788633;0.16508636;-0.9274751;0.091072634;-0.53796065;0.6045484;0.10791618;-0.7238639;-1.0269504;0.03517387;0.52248293;0.7048412;0.30713367;0.54711;0.6410172;-0.46616957;-0.56830025;0.03432565;-0.2838615;-0.28623593;0.5215221;0.61305857;-0.9955699;-0.89272475;0.022172168;0.077027254;-0.18250167;0.57199407;-0.37866148;0.27780312;0.5265341;-0.06829501;0.09675534;-0.13223594;0.046423376;0.34210277;0.9662959;0.81082386;-0.15834025;0.059756532;0.6913715;-0.74734575;-0.2187259;0.4437944;0.47911274;-0.8526081;0.82370985;-0.6405324;-0.30810246;-0.33815783;0.9350293;-0.7888499;-0.4953755;-0.5790291;-0.36494952;-0.79051936;-0.24928406;0.319993;-0.2740266;0.5732508;0.6671739;-0.49135742;-0.9132334;-0.4187069;-0.51290727;0.85223556;0.7140443;-0.27698165;-0.46512553;0.0919014;0.25637686;-0.15159744;-0.34502602;-0.73710483;-0.87606215;-0.010877378;-0.7506609;0.8851618;0.2591006;-0.18781492;-0.6882035;0.4143607;-0.5739392;0.87579465;0.8294699;-0.9656788;-0.7812301;0.18435481;0.57190406;-0.31656998;0.09642652;-0.01460775;0.60790116;0.63772315;-0.3655169;-0.48415378;-0.12183411;0.42247635;0.62658775;0.08856021;0.008689664;-0.30813572;-0.5109104;0.3119637;-0.7246118;0.6027812;1.004699;-0.6431702;-0.9751525;-0.885812;-0.20439601;-0.97635823;-0.8808853;0.16737619;0.8388045;-0.67749864;-0.29569155;0.84531045;-0.17236018;-0.6453399;0.0034089833;-0.22926238;1.0434417;-0.5193477;-0.8970759;-1.0169799;-0.57004124;-0.3253431;-0.15878758;0.932678;-0.6393408;0.5981162;0.11308241;1.0503967;-0.844772;-0.12221611;-0.019128777;0.9837785;0.5365377;-0.8557239;0.72654206;0.45039305;0.3230801;0.7768479;0.9924274;0.9297045;-0.8756887;-0.19148605;-0.15992227;0.9092219;-0.5524315;0.8727816;0.7072659;0.31175137;0.6351816;-0.38083634;-0.7374717;0.4608934;0.62911284;-0.510713;0.4447133;-0.90904105;0.30791736;0.12880778;-0.068156816;-0.92475414;0.6570286;-0.78750205;0.109179534;0.53314483;-0.6816634;-0.51923645;0.70071995;-0.21818513;-0.68126744;0.32550097;-1.0085603;0.22219408;0.19976038;-0.8783977;-0.6005733;0.4918818;-0.6382798;-0.32243755;0.057645947;0.2789542;-0.0044636205;-0.7254557;-0.36559674;0.671049;0.10440779;0.37790355;0.2596663;-0.18692476;-0.98527676;0.83857447;-0.06876466;-0.035317585;-0.958067;0.65386724;0.35034254;-0.6148586;0.21203032;0.5281221;-0.41940534;0.62856746;-0.6569932;-0.23667867;-0.16273928;-0.59356344;0.3631064;-0.18185201;-0.50426084;-0.032879688;-0.11608674;0.40114093;0.45862982;0.35368806;0.9562721;-0.39051726;0.54016715;0.73149955;-0.78425294;-0.8103858;-0.28514;-0.17386824;-0.12821195;0.67926145;-0.0659812;-0.020038575;-0.7890142;0.5926153;0.7394355;-0.3777568;-0.5302466;-0.46870413;0.49781942;0.6528023;-0.914511;0.5433883;0.14267644;-0.4365222;0.25772923;-0.38876942;0.24215688;1.0642326;-0.7579813;0.6257854;0.011981256;-0.25763613;-0.9408208;-0.99867535;0.36188924;-0.7364747;0.3313737;0.7988039;-0.7978537;-0.57770705;-0.24617805;-0.54029584;-0.35652676;-0.8322168;0.47723362;-0.9957356;0.39935386;0.96635014;-0.58901095;0.0189282;0.44401062;0.11866876;-0.6391959;-0.6525238;0.19242337;-0.8774713;-0.61291844;-0.89128673;-0.64939654;-0.5345602;-0.18864161;0.49073094;-0.06507977;0.5426732;-0.49177954;-0.88234174;0.778614;-0.07336474;0.09876928;-0.15052962;0.9317148;0.36249414;-0.39081752;0.05881507;0.5174217;;;0.03275483;-0.3258764;0.13097115;0.03358575;-0.18000206;-0.55028296;0.9539488;-0.4177286;-0.2977245;1.0545143;0.30539018;0.67346215;0.83967626;0.3793377;0.10132921;0.48080713;
-0.24665037;-0.30189627;-0.5509855;-0.2721034;0.059798684;0.27168003;0.74190056;0.35288414;0.3035278;0.66555154;0.8495602;-0.86263466;-0.86984813;0.9995228;-0.6113307;0.19225398;-0.6401497;0.813901;0.31336248;-0.831014;0.2575691;-0.72843695;0.03415846;0.9087151;-0.948349;-0.18098229;-0.23569782;-0.04474941;-0.47340542;-0.797958;0.40076703;0.539325;-0.29158223;0.672674;0.7743118;-0.50763637;0.27262533;0.7343117;-0.45111686;-0.9327357;-0.66494817;-0.5496266;0.81530464;-0.5682179;-0.6651248;-1.0105598;-0.8924093;-0.34305012;0.7868718;0.6960087;-0.6276286;-0.25145054;-0.23349616;0.560946;-0.257184;0.2639884;-0.50329506;-0.08055319;-0.59191316;-0.4799824;-0.6707443;-0.073243104;0.22775698;0.5285658;0.15640852;0.05313488;0.81777245;-0.001448974;-0.7500485;-0.70051295;0.2304382;-0.18913573;0.50516784;-0.13617879;0.6655558;0.51180714;0.26617673;-0.4138751;-0.11676272;0.3771031;-0.27308884;0.46548477;0.34107307;0.8741844;0.93851095;-0.72177273;0.34922358;0.89479524;0.5091886;-0.5704336;-0.2733425;-0.45696375;0.15664029;-0.15628788;-0.6498432;-0.054186255;-0.83414423;0.33859673;-0.9851437;-0.296761;-0.8833009;-0.45865571;-0.029015325;0.4158625;-0.024091728;0.1793133;-0.23387787;-0.7862872;0.39718354;0.72900784;-0.19431199;-0.23105581;-0.35919037;-0.47863853;0.9465212;-0.50051403;-0.289221;0.08685889;-0.74068683;-0.6345805;0.9126561;-0.022327341;0.23530218;0.8228972;0.859449;-0.47354773;0.3710378;-0.2677483;-0.0044761077;0.19261312;0.042169333;-0.4824691;0.5701258;-0.49306357;0.87311363;-0.35597017;-0.32766065;-0.646002;-0.775895;0.11847654;0.6383475;0.62940973;0.9505281;-0.77663565;-0.9403801;0.37506336;0.8415831;-0.9274906;-0.042813167;-0.8694679;-0.68376845;-0.38075057;-0.75757414;0.4424912;0.6440191;0.46178263;-0.0411864;0.64648587;-0.23322928;0.17198491;0.991869;-0.22342053;0.3242995;-0.07537267;0.14603487;-1.0316201;-0.86682546;-0.07674765;0.31752133;0.59965277;0.3322341;-0.09294661;-0.8588428;0.6601889;0.091935225;-0.92006147;0.9570666;-0.34119394;0.18677628;0.32854393;-0.570485;0.76032543;0.45092753;0.1903002;-0.3444599;-9.244457E-4;-0.8231464;0.095738865;-0.67499304;-0.4620663;0.8751114;0.541064;-0.16350055;-0.16686907;0.09065282;0.047599398;0.03498636;-0.97499734;-0.03313852;1.0340552;0.4174695;-0.09641798;-0.036796488;0.8656496;0.8518482;0.9953905;0.56576514;0.35094917;0.07200716;-0.9160058;-0.8178959;0.8328859;-0.95134383;0.41185376;-0.5172633;0.16473785;-0.20927249;0.9147057;-0.55876726;0.07495045;-0.5938452;-0.28782317;-0.16671255;-0.8934909;0.9436369;0.31954134;0.5822889;-0.732838;-0.35149142;-0.94450676;-0.9152014;0.9461265;-0.60388464;0.89951587;0.9140079;-0.65900356;0.81511414;-1.0615215E-4;-0.31736183;0.5954094;-0.21910721;0.9496203;0.5488918;0.073612064;-0.6541733;0.832416;-0.53003186;0.6924027;0.9783628;-0.10521352;0.84730226;-0.40598643;-0.79305345;-0.07749441;0.06608306;-0.12466762;;;-0.7924224;-0.40887833;0.20875776;0.5894475;0.5353085;-0.97995156;0.7181262;-0.59516066;-0.5197324;-0.9114915;0.20027807;-0.25437686;-0.7721822;-0.8309378;-0.10897541;-0.45691323;
0.32022977;-0.7993368;-0.43837756;0.7043536;-0.7462232;-0.7418559;0.81049025;-0.5516675;0.60042846;0.3787461;-0.82273763;0.17220923;-0.9826541;0.57876766;0.5239262;-0.90643775;-0.89984715;0.134618;-0.14506543;0.36377877;-0.9525174;-0.2874776;0.39408672;-0.3322231;-0.6654274;0.2098366;-0.29938278;-0.08686937;0.042701654;-0.38160998;-0.50966907;-0.73147357;-0.040960316;0.03648611;-0.3702271;0.9370687;0.2480022;0.74115133;0.4923161;0.44428593;0.60047555;-0.41406572;0.7047031;-0.71622354;0.6913023;0.31201667;0.87097347;-0.9047335;0.11819;-0.34838963;0.13785663;0.35044304;0.7567283;-0.43742546;-0.33838892;0.19125465;-0.75352407;0.56189775;-0.24906343;0.20346493;0.1220996;-0.47684792;-0.30601424;0.5150745;-0.078678794;-0.5307646;-0.9703503;0.8848169;0.43795463;-0.17331925;-0.70580983;0.19026655;0.743584;0.1115211;-0.536059;0.33818653;0.4754613;-0.5108394;0.02319678;0.10157582;-0.8190262;0.6919111;0.8135587;-0.6615348;-0.5794454;0.18781847;-0.63309634;-0.13315548;-0.13881713;1.073109;0.68879163;0.15819055;0.9416468;-0.49194828;-0.5574744;0.76890194;0.65851027;0.032238975;-0.01377514;0.054531895;0.8082531;0.78025335;0.1361739;-0.7939546;0.6263246;1.0723952;0.8693544;0.41041553;0.3878759;-0.122389816;-0.36353117;-0.8302932;0.77770704;-0.7630368;-0.86609083;-0.48661873;0.69849294;0.09596991;0.67902917;0.007897951;-0.13338044;0.32280517;0.5477181;0.10576389;0.4439917;0.7868692;-0.83331907;-0.1169726;0.87194157;0.8384046;0.704972;0.9897951;0.6098943;0.9648169;0.9802314;-0.51731485;-0.56328076;-0.5969378;-0.91527987;-0.47878128;0.5467173;0.65992737;-0.8553506;-0.10801355;0.2649714;-0.5667612;-0.846554;-0.22498836;0.61830837;-0.66300416;0.66549796;0.4860695;0.42839378;-0.48786268;0.30156735;-0.88319325;-0.7574939;-0.34788984;-0.0995378;0.8513412;-0.9146911;0.7886183;-0.046297465;0.6636094;-0.29853573;0.9678942;0.680816;-0.10593689;0.66420203;0.30154318;0.7425485;-0.33259714;-0.9510141;-0.0015261024;0.34767094;-0.15512592;0.91418827;-0.7243623;0.5862126;0.40523466;0.5922103;0.705262;-0.58214766;1.0178403;-0.4252439;0.3849712;0.25884277;-0.29062024;0.77499664;-0.28534567;-0.65575445;0.7326283;-0.23287301;0.3301432;-0.40559918;0.42117223;-0.55965143;0.078731515;0.78545547;-0.44160503;0.35957992;0.6252731;0.21342006;0.2021006;-0.20077774;-0.8499408;0.9496247;0.7879863;0.30908048;-0.1591144;0.21259367;-0.5142398;0.98306346;0.09168208;-0.07274751;0.40104118;-0.4684394;-0.10121433;0.0070360675;0.10425582;-0.5925844;-0.7065965;-0.72214115;0.3245923;0.4031915;0.96501726;-0.33493906;-0.52735096;0.12394386;-0.68455297;-0.7146614;0.5497578;-0.45500562;0.6369994;0.625321;0.7650435;0.88821805;-0.4694103;-0.15315303;-0.38688082;-0.7068679;0.07093278;-0.5638486;0.8659029;0.220599;-0.41413414;0.5100621;0.90137666;0.20722595;0.6455713;0.50696206;-0.56980646;-0.7124283;-0.84506947;-0.076332174;0.38787812;;;-0.48095953;-0.8915474;-0.18847793;0.3359469;0.5808685;0.40217915;-0.88409925;-0.64038575;0.7738817;-0.89931965;-0.16702056;-0.0371645;-0.67827326;-0.2702835;-0.6339957;0.24327269;
-0.33294964;-0.29364783;-0.20953882;-0.5196443;0.66762525;-0.8717322;-0.41656542;-0.2110522;1.0276964;-0.57727164;-0.86290395;-0.7207895;-1.0511588;-0.79687303;-0.7403383;0.02009622;-0.14758468;-0.302767;-0.5306952;-0.7705121;0.51217353;0.09623542;0.007409826;0.508335;-0.359066;0.52738315;-0.66279876;-0.20077363;-0.70082486;-0.52451575;-0.5478201;0.48167354;-0.7637741;-0.2302616;0.79594755;0.41696298;0.23623872;-0.48766482;-0.6091011;-0.9752238;0.32140225;-0.6460341;0.8879084;0.81185704;0.26387867;-0.28114754;0.8825393;-0.62015444;0.47572142;0.9481129;0.39544684;0.014982589;-0.21744646;0.8652402;-0.9144476;0.106722794;-0.95793945;-0.8288172;0.95420593;0.25538516;-0.55762655;0.14897934;-0.9930402;1.0107986;0.8081942;-8.944869E-4;-0.23327951;0.9344947;-0.045964867;0.33665702;0.8779458;0.897327;0.05422178;-0.63980037;-0.8937983;-0.78751075;-0.8516719;0.34958246;-0.7792052;0.16073695;-0.7315108;-0.5337839;-0.24966103;0.29020315;0.861558;-0.6857162;-0.57798064;-0.23246366;-1.0156518;0.37506056;0.034962453;-0.3798263;0.97422713;0.8489784;-0.02348192;-0.45860106;0.9400961;-0.36871392;0.16741067;0.6304191;-0.9196801;-0.6928882;-0.48238719;0.60903233;-0.6855591;0.7804507;0.5894456;-0.30545703;-0.78546613;-0.95094305;-0.10219577;0.41541708;-1.0601646;-0.09656676;-0.87043893;0.23175743;0.014801592;-0.23692945;-0.8649078;0.46701238;0.14602268;-0.13319787;0.8345255;0.37041986;-0.35255292;0.4065971;-0.010296382;0.91152227;-0.96386105;-0.8646709;0.3200059;0.7586765;-0.22768007;0.48901677;0.6860717;0.61281526;0.7477152;0.5427439;0.030113578;-0.74419326;-0.8247487;-0.83307105;0.44491062;0.5295912;-0.5990766;-0.8331787;-0.25428206;-1.0121384;-0.15482438;-0.42693275;-0.15977126;-0.24360944;0.38640952;-0.39510402;-0.96862876;-0.5988088;0.42326102;0.7499378;0.7461254;0.7355375;-0.6049422;-0.9041013;0.26068714;-0.90254736;0.9013938;0.30927554;0.18821299;0.098612465;0.94203043;0.08500638;0.010018297;0.78369534;-0.80264175;0.4884127;-1.0354898;-1.0539528;-0.11257521;0.37700126;-0.4397245;-0.37888554;-0.21594127;-0.57534814;0.25064892;0.32343602;-0.59410536;0.1744324;-0.003266804;0.80606836;-0.29987565;-0.7812614;-0.64576125;-0.99684274;0.20757578;0.44667247;0.34666428;0.16695225;0.019242719;-0.49147275;-0.46676737;-0.97010165;-0.23733702;0.22596568;-0.25535187;0.9105235;-0.7944347;0.2239324;-0.856861;-0.96132153;-0.76802033;-1.023443;-0.4346037;-0.39873007;0.3325279;-0.45573848;0.72792125;-0.29603708;-0.8441143;-0.26699904;0.81393814;-0.39258176;0.092430845;0.029021956;-0.78056884;-0.1715382;0.5038655;0.8537402;-0.58698845;-0.80282766;0.07412226;0.24329454;0.3602178;0.13020805;0.037141852;0.38604853;-0.4224974;-0.98122114;-0.66387266;0.14877039;0.014557682;-0.26349196;-0.9133417;-0.41156653;0.6157759;-0.95198864;-0.14743054;-0.31845847;-0.01745192;0.9433584;0.19877285;0.9065901;0.24774224;0.23666784;0.5592241;0.087742336;-0.11789162;-0.05107756;;;-0.74899036;0.84900177;0.4795046;-0.15432438;0.4770522;-0.061867878;-0.78626716;-0.98033893;-0.60979116;0.75827926;-0.7755717;-0.60360396;0.74055415;-0.3072844;-0.92716163;-0.7022886;
-0.30457875;0.22433534;-0.18952149;0.5237243;-0.69171023;0.036493167;-0.6754479;-0.7918948;-0.9821102;-0.36451527;-0.73633313;0.5645776;0.48290792;0.35743535;0.60578024;-0.42557535;-0.59953773;-0.08643398;0.007455237;0.46536413;0.5180285;0.08777513;-0.730595;-0.6985152;-0.7712205;-0.770822;0.36795545;0.9420294;-1.0606786;0.17971236;0.33545014;-0.16635999;-0.18341896;-0.9568746;0.6247729;-0.4237295;-0.64287335;0.33662254;0.86406183;0.747306;1.0774742;-0.82983524;-0.30266523;-0.9184857;-0.30204248;0.9708658;0.115146674;-0.61370796;0.6855095;0.511149;-0.4934516;0.72225237;-0.46776688;0.009287812;-0.19048914;-0.0014623702;-0.12309561;-0.7503406;-0.99836695;-0.17967296;-0.4744184;0.017508335;-0.643655;0.7828452;0.9952627;-0.7407774;0.79196876;0.23176083;-0.6089405;0.6640891;0.46189812;0.20420593;-0.5673701;0.017204009;0.27380544;0.8277254;0.66963047;0.89567643;-0.71581656;0.28630942;-1.0312696;-0.9285273;-0.30832276;0.16324115;-0.5837539;0.3442117;-0.9514383;-0.26016742;-0.13927007;0.6559307;-0.6756346;-0.53279614;-0.7811249;-0.16269675;0.7890441;-0.464899;-0.21413532;-0.9989988;0.73525214;0.23732913;0.92782134;-0.9671464;0.23015928;-0.122283265;-0.510714;0.83516806;0.3769116;-0.7263882;-0.9773225;0.54903615;-0.8257719;0.695746;-0.26054162;0.52366304;0.18977979;0.33389068;0.09425574;0.31071422;0.30888978;0.6970608;0.14345902;0.4403907;-0.41525248;0.94511503;-0.93115914;-0.8166026;0.099723294;-0.7945719;-0.075479865;-0.6808116;0.54952145;-0.7460947;-0.44789124;-1.0841728;-0.21719208;-0.46605998;0.7141595;-0.51948684;0.168595;0.35000154;0.2200537;-0.03771142;0.42206636;0.004379578;-0.23875873;0.5796484;-1.0033259;0.646194;0.33426985;-0.694263;-0.2537659;-0.12888482;-0.28968754;-0.12747252;0.4754016;0.24832985;0.40892777;0.5528395;0.63029915;-0.041883077;-0.7484426;0.34526372;-0.06677616;-0.0010108352;-0.7932068;-0.6779807;0.63625616;-0.23230968;-0.10528476;-0.7965157;0.6582421;-0.7715769;0.39162928;0.8956002;-0.6219824;0.5695193;-0.33069685;0.36755848;0.8838948;-0.0036493614;0.51432633;-0.54285556;0.82532656;0.7286131;0.5034896;-0.8301824;-0.122687206;0.15820464;0.5601049;-0.21492377;0.011515327;-0.31924877;0.58396125;-0.8001434;-0.12980941;0.5394234;0.2341322;-0.776314;0.5599521;-0.0859808;0.3491272;0.39401394;-0.07797953;-0.5486209;-0.6870997;-0.29739085;0.19402075;-0.3349707;0.1180048;-0.5848776;0.95552933;-0.46745995;-0.66129506;-1.0741282;-0.8545222;0.18842074;0.107129365;-0.48137584;0.55416477;0.44845644;-0.3154268;0.4015994;-0.27397215;-0.3917684;-0.062166326;0.8511451;-0.53852654;0.53416723;0.76698;-1.0665207;0.4769651;-0.09026198;0.28623948;-0.7223796;-0.32778567;-0.9873805;0.9337;0.34507373;0.66172063;-0.21964774;0.47830462;0.18306679;-0.24494737;-0.8273051;-0.29586276;0.7580745;-0.78383714;0.5581757;0.7822709;0.44509512;0.3966764;-0.35956362;0.1894761;0.49559554;-0.37850842;-0.10320137;;;0.30085504;0.7232545;0.5071803;-0.97292984;-0.7300016;0.4315947;-0.68542737;-0.49505815;0.11552702;-0.63869417;0.37656066;0.38741514;-0.34309036;0.75752026;-0.59944636;0.66953284;
-0.71478;-0.051484838;0.3221644;-0.9277255;-0.08398201;-0.7127247;-0.017392427;-0.97918874;0.8518153;0.33606184;-0.7830633;-0.09159671;0.48061013;0.17159334;-0.42635417;-0.051943302;-0.8452554;1.0546557;-0.5616888;-0.6103552;-0.56913203;-0.35708022;-0.79515463;0.6245326;0.70705646;-0.97054434;-0.67241496;-0.8871692;-0.83283085;0.5618923;-0.80416656;-0.2497592;0.83528787;0.23838542;0.7996241;-0.15796173;0.45461613;-0.51348615;0.10137429;0.27107906;-0.7645145;-0.29006216;0.49274176;-0.6652032;0.8661364;0.33511284;-0.7005995;-0.11700291;0.5477219;-0.39343658;-0.20140556;0.41384083;-0.79850125;-0.5358169;0.83523357;-0.12025715;0.0014477;0.28973585;0.26193777;-0.6820004;-0.19041157;0.13219838;-0.113162525;-0.7472051;-0.46597478;-0.7872112;-0.4099123;0.31581938;-0.30871415;-0.12950546;-0.43405235;-0.6979268;-0.46521202;0.63761663;-0.13806984;-0.0844888;0.41029143;-0.36768654;-0.88007826;-0.6339783;0.7169676;0.321335;-0.5236777;-1.045182;0.58924156;-0.658898;0.7491531;0.42965862;0.3698341;0.26899236;0.3297295;-0.5956048;-0.48154193;0.009160854;0.004892461;0.719186;0.9933913;0.19842811;-0.73705715;0.66829777;-0.6453229;-0.25226492;0.8823208;0.7417529;0.6679734;0.3133707;0.96671885;-0.28483152;-0.06290232;0.13964254;0.4737184;-0.6210338;-0.13891588;0.33086845;-0.71381307;0.123720124;0.5980983;-0.8044683;-0.80342907;0.7927438;0.7238238;-0.14085138;-0.5861323;0.6761064;0.29596046;0.06486421;-0.8385396;-0.1478992;-0.72075266;0.17199641;0.61114544;0.0827741;0.14694665;0.42271498;-0.005418636;-0.2605332;-0.1450024;0.37574965;-0.95196074;0.772392;0.384075;1.0034838;-0.020272776;-0.25487602;-0.3374432;-0.8849987;-0.69888335;-0.16955219;-0.6800664;-0.29738688;-0.66540873;-0.39163774;-0.82453954;0.31310487;-0.80060816;-0.87989056;-0.7591197;0.41740364;-0.41377524;-0.086055346;-0.69118196;-0.20642495;-0.3419451;0.36894277;0.30996946;-0.65197617;0.760497;0.60247576;-0.24751744;0.57847863;0.48987338;0.75508;0.10595107;-0.37019405;-0.74960035;0.60326874;-0.23978508;-0.7900914;-0.2658885;-0.9235674;-0.22431475;-0.28207824;-0.02195803;-0.45169723;0.8471846;0.39063612;0.19281;-0.66345745;0.72731626;0.2955331;1.0151762;0.87586576;-0.80184764;-0.20996743;-0.7857292;0.13066548;0.541549;0.8265102;0.77710146;-0.41752332;0.5386772;-0.18864307;-0.88641083;-0.23432145;0.32837287;-0.37618935;-0.945213;0.43167877;-0.028307602;0.8665016;0.9700793;0.9974098;-0.29342455;-0.34538406;0.9000596;0.1783012;-0.568206;0.05429048;-0.30856535;0.61897886;0.93339145;0.6533144;-0.2713018;0.9167784;-1.0404154;-0.111577295;0.18446842;0.28374472;-0.5383711;-0.53657085;0.55628103;-0.7878744;0.94841844;0.47115645;-0.37772274;-0.7035442;-0.24838269;0.2795815;0.63162684;0.42216006;-0.7341108;0.2588264;0.74767166;-0.34380746;-0.6846786;-0.7894148;-0.11732392;-0.43043536;-0.49759507;0.91528803;-0.69728184;0.38469917;-0.28003585;0.33476487;-0.46034625;-0.12761411;;;0.7491953;-0.10061691;0.22423476;0.52369714;0.8285029;0.36859182;0.6503598;0.5915614;0.6580924;0.5825199;0.59508616;-0.06522536;0.90430206;0.019731984;0.75242877;0.004069425;
0.48543158;-0.15753818;-0.10887997;-0.014555536;0.95734656;-0.55440104;0.51740444;-0.13970536;-0.42758685;0.4294188;0.8135892;-0.6450331;0.65933913;0.78850645;-0.46852925;0.43420458;0.26427183;-0.049466327;-0.053095616;0.14352739;-0.09497327;-0.69148695;0.32768592;-0.17507076;-0.7794054;-0.9311407;0.83155876;0.41836646;-0.15290314;-0.8149457;0.5345605;-0.28166154;0.21913348;0.6629185;0.19207111;-0.31954604;-0.41800854;-0.39154536;-0.6441756;-0.4327892;-0.2945453;-0.15705839;-0.19021124;-0.9146998;1.0139788;-0.26758638;0.34622794;-0.7014128;-0.50923;0.2698751;-0.3196045;0.0015005693;-0.4251715;-0.39144;-0.0017823502;0.80690384;0.35029164;0.97325474;0.8459679;-0.559395;-0.973566;-0.6258323;-0.79566664;0.24149671;0.22445741;0.014036603;1.0414237;-0.5580931;-0.27627522;0.51412636;0.21016908;0.84707373;1.0753669;-0.5115179;0.44520563;0.84574604;1.0652133;-0.031737737;0.62274116;0.06574596;-0.5992257;0.7191872;-0.82595414;0.8389167;0.20851994;-0.79489917;0.78910893;0.7592129;0.9579818;-0.37064776;-0.8883477;-0.39422134;0.47821966;0.53316665;-0.989911;-0.24030489;-0.4000246;-0.553615;0.011163369;-1.0313393;0.443354;-0.9290867;-0.7960901;0.7082093;0.07614907;0.8309316;-0.63878745;-0.9488466;-0.6080476;-0.4536221;0.984649;0.68877643;0.19995934;-0.52257276;-0.34455138;-0.052116103;0.2799073;-0.15234718;-0.72970444;0.5171607;0.9358561;0.7822628;0.25535285;-0.06563468;-0.61845523;-0.20473033;-0.31471553;0.49272957;-0.49217016;-0.074340634;-0.41380027;0.10051704;-0.38076362;-0.042411998;0.57234347;0.3720311;0.58192384;-0.13665482;0.3560024;-0.9585531;-0.7006043;-0.919716;0.5784988;0.87268054;0.5250507;-0.52587146;-0.56271166;-0.41090882;0.93220174;-0.14896902;-0.8699187;0.1661516;-0.10754112;0.25946033;0.20154819;0.5183048;0.7623955;0.47046754;-0.93842113;0.7680642;-0.95380557;-0.25891966;-0.15379846;0.71099615;-0.6115096;-0.74945486;0.41317704;0.38456476;-0.64310175;-0.7471596;-0.59607637;0.8119001;0.59774405;0.6113508;0.9618325;0.023390517;0.9912854;0.17279908;0.27417704;0.5595828;0.8942313;-0.002503477;0.80072325;-0.9717869;0.037649423;0.5916805;-0.73320913;0.5262726;-0.45263517;-1.0148283;0.6319188;0.24485481;0.47173518;-0.23620754;-0.30256712;-0.24989048;0.338206;0.20094943;-0.21288553;-0.92202914;-0.3846763;-0.5635046;0.22481692;0.49340883;0.73091036;0.023443103;0.9412731;0.34679168;-0.5101265;0.90431947;0.46949;0.5105312;0.946651;0.7889052;0.4340186;-0.20148028;0.017562322;-0.4161811;0.20404316;-0.041046537;0.16736329;0.9718631;0.06362478;-0.7120275;-0.82792866;0.055262245;-0.14541094;0.23713365;-0.15334415;0.16188481;-0.4315576;-0.4179315;0.33145797;-0.53275216;-0.99665;0.9827649;0.45523027;-0.19243035;-0.6393901;-0.30225328;0.83545876;-0.04965824;-0.8677986;1.0150104;-0.2618462;0.4488557;-0.9731101;0.03191609;-0.50043154;0.2358295;0.997013;-0.045685433;0.51132965;-0.49126032;0.66147643;-0.107973;;;-0.41176376;1.0256768;0.7726326;-0.99661636;-0.22549358;-0.33449805;0.04561571;0.5858589;-0.10047448;0.80979276;0.85835487;0.12292945;-0.3318267;0.5765305;0.038884543;-0.8208818;
0.9635794;0.5766878;-0.81627905;0.18576954;0.15168211;0.47483826;-0.90302896;0.7794407;0.30723628;0.8136232;0.80449;0.24287912;-0.7700581;0.9093661;-0.6192007;0.75539;0.6871383;0.7423425;-0.27137092;0.38498628;-0.0939714;0.25016755;1.0718441;-0.15095164;0.9436789;-0.31351855;0.46216303;1.033306;0.18705402;0.32956654;0.25847778;-0.5092071;0.6781294;0.6167476;0.9147293;0.6430065;-0.3793616;0.34038302;-0.49180627;-0.425151;0.30529228;0.86996615;0.85468125;0.3529999;-0.61067116;-0.3376788;-0.20944992;-0.29578137;0.18402207;0.3880826;0.25358316;-0.73434633;-0.4596911;-0.16238761;0.36567745;-0.7364274;0.4779591;-0.42678034;0.4099412;-0.009985127;0.077742614;-0.5329933;-0.7968059;-0.17129578;-0.051181085;-0.795122;-0.7079859;0.63214123;0.5950958;0.5472082;0.24637276;0.17113715;-0.9654175;0.21537831;0.6895476;-0.23386763;-0.92522025;-0.07915325;0.38640302;0.66647923;-0.28507096;0.26963675;0.7142745;0.06945665;-0.76753974;-0.9399204;-0.6384079;0.665119;0.21625704;-0.95463383;0.73902786;0.8561654;-0.66662395;0.95491755;0.1463485;0.3338569;-0.24136409;-0.7401995;0.81530607;0.89158875;-0.24199015;0.8273692;0.34479243;-0.77293485;-0.9029671;0.83903205;0.5591389;0.02210847;-0.4555432;0.34249595;0.4538357;-0.0040299073;-1.0408415;0.37605843;0.045093857;0.7035984;-0.5151668;0.53747344;0.41057682;-0.60534894;-0.1677258;0.57363117;0.7982688;0.46213007;0.30306867;-0.36024874;0.3888527;-0.50865066;-0.09869352;0.5180004;-0.87588537;0.6705334;0.19142848;0.8954063;0.15979213;0.54368067;0.49061072;0.7796499;-0.034069076;0.37440968;0.9331049;-0.9212183;-0.3187853;0.3463457;0.11172869;-0.71288586;0.029878534;0.05118742;-0.61177397;-0.29549256;0.33071837;-0.19006866;-0.4305163;-0.7300254;0.6673533;-0.2641821;-0.7293762;0.7129938;-0.25269988;0.47939748;-0.07124388;-0.8828748;0.35456437;0.8967017;-0.70729625;0.35049343;-0.0036471859;0.650842;0.8942851;0.14640386;-0.4408396;0.595441;-0.49423727;0.51482534;-0.67711794;0.4951396;-0.69416237;0.6316817;-0.8662512;-0.9859885;1.013097;0.5878532;0.1077878;0.1470451;-0.598909;-0.41649517;0.5261497;0.38294798;0.5832438;-0.6741864;-0.80794746;1.0683583;-0.15142944;0.32938227;0.6462301;-0.10586424;-0.5592978;-0.6714132;0.8836821;0.9437421;-0.6970117;0.48981327;0.57916147;-0.46819642;0.46147454;-0.64099514;0.5122409;0.91778797;-0.21467598;-0.10385189;0.48494387;-0.49468926;-0.249226;0.7332885;-0.65417373;-0.06807665;-0.4600048;0.7463769;-0.4259581;0.7173225;0.7302419;-1.0462899;-0.3646742;-0.33024678;-0.8285433;0.64493823;0.59897405;-0.34903288;-0.7879837;-0.895427;-0.69919896;0.76943123;-0.5874238;0.122643374;0.051701315;-0.39043087;-0.51299995;-0.11739695;0.12484125;-0.8883468;0.22712812;0.18280877;0.20665728;0.39255124;1.0046666;-0.5171542;-0.5322691;0.3418669;-0.90125036;-0.030309066;-0.50073546;0.041100472;-0.22824776;0.51116216;0.6692758;0.13529137;;;-0.09129644;0.80531657;-0.3202195;-0.7628101;0.34717497;-0.15558258;0.05212965;-0.7366587;-0.64520997;0.19080387;0.93231636;0.8895526;-0.33947405;-0.49054328;0.5914663;-0.92995274;
0.0137529075;0.91826546;-0.70112675;-0.80980134;-0.56852394;-0.79803914;-0.934159;-0.68293077;0.8995232;0.7893907;-0.90176034;0.5750712;0.1174419;-0.5837237;-0.54591554;0.9058934;0.5196433;0.986797;0.17959264;-0.8275657;-0.7331451;0.50731313;-0.3069273;-0.86419153;-0.6177836;-0.7057528;-0.3993518;0.27258578;-0.2946231;0.5556044;0.46121818;-0.29374495;0.655725;0.71182483;-0.12979709;0.50249094;0.7324068;0.05662089;-0.59747624;0.02214051;0.6340608;-0.037837885;0.6449123;0.53892773;1.0552207;0.80543524;0.9560455;0.7107144;-0.9908881;0.33381295;0.72014815;0.54373986;-0.86190915;0.6978288;0.70560616;0.4085973;-0.09675118;-0.14213279;0.5047793;-0.1452088;0.793726;-1.0810649;-0.48539624;0.42755783;-1.0359449;0.7638971;0.5197194;0.41621286;0.5943771;0.9405132;0.060759984;-0.7423698;0.57364464;-0.88866866;-0.7899135;0.58153987;-0.7700472;-0.30205354;-0.26434934;0.41616762;0.3749104;0.24235068;0.11081513;0.4733294;0.2904874;0.068057634;0.6238625;0.50142366;-0.1329515;0.2523973;-0.6444309;0.23285475;-0.69969386;-0.4811632;-0.17337917;-0.34074318;0.77269965;0.42439398;0.06879487;0.24346837;0.3812303;-0.64782625;-0.055269472;0.8215515;-0.37094498;-0.6772364;-0.06923898;-0.6387717;-0.7278324;0.3106903;0.8856752;-0.3750519;0.8052659;0.19334716;-0.84457207;-0.6636181;-0.017570592;0.0697651;0.7097172;0.66847825;0.49850512;0.66530913;-0.1290101;-0.44070002;-0.2938792;0.68584454;0.17984396;-0.8813034;-0.7889785;0.7011275;0.44293508;0.21445486;-0.22505447;0.022135086;0.6304019;-0.5790962;0.36053145;0.49076158;0.8294656;-0.7239625;-0.62322956;0.122768976;-0.48073584;0.8250558;0.22629178;-0.4639107;0.6091235;-0.2711937;0.91729283;0.8565382;-0.42162567;0.5849506;0.18319799;0.92171055;-0.929537;0.74776083;0.65215504;-0.2987106;0.82751024;1.0392883;-0.47374952;-0.0817914;-0.8963833;-0.6797639;-0.6331514;-0.10992464;-0.33388776;0.13319692;0.13773325;-0.7860366;-0.8164029;-0.6559905;-0.9682463;0.09015437;-0.39198145;-0.31118095;0.59944975;-0.5783886;0.68517697;-0.41498548;0.3096563;0.5359332;0.17395267;0.6835516;-0.29764292;0.45524505;0.9191941;-0.37174463;0.9430863;-0.11305353;-0.7933943;-0.8554666;-0.14405529;-0.2755548;0.23012239;0.90551585;-0.001176931;0.8319665;0.4231573;0.017974123;0.249701;0.8412418;0.44475442;-0.36654302;0.49690774;-0.58966315;-0.42991942;-0.67808175;0.56900996;-0.9139055;-0.88816243;0.84569556;-0.09848902;-0.22837533;-0.10492846;0.44103754;1.0178233;-0.9710111;-0.47749007;-0.74754053;0.10099564;-0.55531645;-0.7990495;-0.42795298;0.15045157;-0.34825942;0.2513772;-0.5885885;0.8545212;-0.46277753;-0.90362334;0.67833567;-0.43518323;0.26760176;0.10807562;0.8432371;0.032531835;0.03697374;-0.39177972;0.8624089;-0.940488;0.48426408;0.53916484;-0.5244116;-0.8715273;-0.6644465;-0.7295632;-0.98526645;0.8070105;-0.99364924;-0.9298062;-0.6510201;0.06907809;0.24610943;-0.6457143;0.9475812;1.0453687;-0.17650777;-0.872216;-0.33177307;-0.49942526;0.7358482;-0.14526111;0.17246225;-0.25923425;0.6800799;0.5315733;0.43302435;0.878145;0.34453738;0.39792097;-0.37025446;-0.9767737;0.07278909;-0.7041357;0.43125552;-0.96400774;-0.3899246;-0.6155733;0.029056735;-0.05213462;-0.028030746;0.5308215;-0.6713723;0.2653543;-0.8277776;0.83335865;-0.59095144;-0.31599593;-0.3870099;0.38305995;0.93822664;0.87780607;0.5755875;0.34192842;0.8751383;-0.8155032;0.4536417;0.30547044;0.503585;0.18119684;-0.45703575;-0.87453467;-0.7761952;-0.062385276;0.14368004;-0.50387645;0.17885658;-0.25443384;-0.35989052;-0.34732202;0.7120397;-0.64617085;0.9026121;-0.103902794;0.43969196;0.38638115;-0.19694124;-0.658991;0.58054554;0.28983855;0.8518148;0.4860721;-0.2915912;0.44243896;-0.4509282;-0.4730693;-0.7107245;0.76218355;-0.0029187277;0.17153677;-0.77295053;0.47577897;-0.9576975;-0.5239783;0.57390887;-0.3472086;-0.6923127;-0.90355194;-0.6380786;-0.32905188;-0.6647133;0.3476716;0.5818544;-0.64120215;-0.9119262;0.37518993;0.47321314;0.7609624;-0.9426589;-0.42074516;0.8963761;0.88898534;0.18823645;-0.21732657;0.033278532;0.2573096;-0.8290315;0.90461874;-0.5925634;0.059184913;-0.45108128;-0.50757587;0.6271862;-0.28866446;0.16736124;0.7717293;0.73784924;-0.01101587;-0.072299816;-0.89750254;0.019124232;-0.115640454;-0.37790212;-0.12568104;0.88333476;-0.3479159;0.4020748;-0.26093143;0.41825613;-0.14613989;0.38212678;0.26237842;-0.7249251;;;0.18265158;-0.80438733;-0.022461168;-0.77237815;-0.7669226;0.20512934;0.6463387;0.023358129;-0.6099929;-0.47670084;0.4710028;-0.8903247;1.0313742;-0.3776417;0.859785;-0.5490903;0.08399468;0.30214462;0.32592085;-0.847944;0.8327008;-0.4539571;0.7955474;0.77450085;
