;;-0.460701;-0.9763;-0.244605;-0.601759;0.817949;-0.441418;0.485325;0.271236;0.324426;0.331843;0.992089;0.113655;-0.910127;0.980826;0.037392;0.216368;-0.568365;-0.794255;0.950778;-0.267799;0.674958;-0.990736;
0.952192;0.932311;0.137712;0.460516;-0.157725;-0.036742;0.731689;-0.025544;0.70189;-0.787238;0.239097;-0.176528;0.807343;0.715083;0.233705;0.112916;0.874327;0.627262;-0.528115;0.496418;-0.752085;0.413295;-0.663778;0.768504;-0.521425;-0.4827;-0.89917;-0.080302;0.814658;-0.013257;0.312255;0.585622;-0.459811;-0.003028;0.072276;0.920733;0.381974;0.016164;-0.151528;-0.685068;0.029885;0.619404;-0.725731;-0.05373;-0.544835;-0.562613;0.793871;-0.401697;0.617814;0.150017;0.910419;-0.592995;-0.568908;0.143322;0.104855;-0.976411;0.759889;0.602994;0.423334;0.003002;0.660608;-0.461849;-0.439693;0.996216;0.196091;-0.928857;-0.51661;0.48635;0.477083;-0.069658;-0.21031;-0.713966;0.341761;0.833921;-0.013042;-0.050295;-0.589031;-0.784197;-0.499719;0.589917;0.199706;0.701907;0.664354;-0.572845;-0.349;-0.746147;0.370183;-0.104455;0.50788;-0.352559;-0.004378;-0.599003;-0.511184;0.991248;0.027335;0.992751;-0.41559;-0.60304;-0.58646;-0.413758;-0.046791;0.509751;0.788933;-0.898205;0.021018;0.809588;-0.558862;-0.720753;-0.856065;-0.078077;0.363526;0.238062;0.789256;0.695219;0.394732;0.538443;-0.149582;-0.708781;0.593995;0.690976;0.601447;-0.046258;0.515195;0.43076;-0.988723;0.644406;-0.457346;-0.212236;-0.565395;-0.142675;0.028604;0.699588;-0.772086;0.499601;0.643024;-0.038984;0.011209;0.708028;-0.507203;-0.666095;-0.854553;-0.658776;0.508865;0.081065;-0.273448;0.112406;-0.96952;0.726682;0.838459;0.997117;0.083626;0.993187;0.02557;0.675588;-0.443261;-0.619658;0.512758;-0.042593;0.246125;0.241641;0.552307;-0.94354;-0.037794;0.439598;-0.192274;0.344502;0.74011;0.087803;-0.474443;-0.012593;-0.657559;0.748492;0.794002;0.476189;0.343579;-0.913924;-0.252996;0.15395;0.849557;0.532735;0.322796;-0.298409;0.581117;0.746143;-0.577954;-0.390843;-0.497013;0.39352;0.859617;-0.403188;0.920603;-0.938275;0.496616;0.784335;0.3884;0.822963;-0.900532;-0.532251;0.453927;0.103786;0.668364;-0.884561;0.075437;0.122277;0.754696;0.600245;-0.689624;-0.749996;0.366009;0.774091;0.794375;-0.69859;-0.272856;0.723231;0.703757;-0.843779;-0.956477;0.094755;-0.059636;-0.697097;0.551487;-0.245862;-0.569487;0.063183;-0.079474;-0.130249;0.819268;0.73873;0.492241;0.044977;0.890369;-0.28598;0.978416;-0.076757;0.168369;-0.80939;-0.074385;-0.932718;0.248115;0.774218;0.422798;-0.909426;-0.001597;0.115685;0.79512;-0.225097;0.234302;-0.585044;-0.878568;-0.940067;-0.468044;0.388185;0.80013;-0.297636;0.253005;-0.495617;0.576225;-0.593927;-0.3704;0.610864;-0.265323;0.291782;0.969195;0.718375;0.877453;-0.410495;0.981588;-0.555743;-0.087013;0.88589;-0.647046;-0.191201;0.795209;-0.314381;0.561987;0.437969;0.993575;-0.617107;-0.735719;0.242611;-0.345683;-0.807111;0.370107;-0.900767;0.657706;-0.376724;0.113903;0.488956;-0.018348;0.367013;0.308288;-0.743352;0.600297;0.258511;0.872879;-0.667086;-0.965535;-0.750955;-0.782491;-0.809341;0.052006;-0.957254;0.740764;-0.234477;0.273844;-0.215905;0.53093;-0.560244;0.689975;0.307269;-0.812548;-0.750218;0.60174;0.251632;-0.198139;-0.284329;-0.819612;-0.310134;0.732313;-0.556265;-0.242405;0.604603;0.436574;-0.058801;0.844407;-0.867498;-0.158224;0.843564;0.649305;0.2504;-0.633367;0.066878;-0.032743;0.590175;0.612007;-0.794544;-0.397412;0.317666;0.118075;-0.973837;-0.866402;0.973475;0.548006;-0.877312;-0.502536;0.50181;0.735673;0.952077;-0.369201;-0.59558;-0.345517;-0.338905;0.618296;0.224994;0.39014;0.624534;-0.554279;-0.951737;-0.681054;-0.42711;-0.355296;-0.969491;-0.878395;-0.00966;0.667032;-0.510445;0.017338;-0.708672;0.682491;-0.129387;0.144349;-0.44044;0.214565;-0.085511;0.737761;-0.37038;-0.521551;-0.708196;-0.580165;0.512755;0.720754;0.19693;0.199044;0.915827;-0.959563;0.357737;0.776099;-0.588975;0.141945;0.405616;0.451618;-0.829109;-0.224072;-0.367348;0.77243;-0.441133;;;-0.617585;-0.079333;-0.074367;0.523709;0.097227;0.867951;-0.211378;-0.66858;0.711568;-0.15768;-0.220649;-0.685649;-0.221167;-0.117966;0.848227;0.406511;-0.462206;0.079927;
-0.500668;0.149622;0.580367;0.291278;-0.419861;0.181106;0.247013;-0.306368;0.938573;0.221706;-0.349022;0.851563;-0.424008;0.895904;-0.255217;0.09737;0.693626;0.792244;0.857424;0.486189;0.085582;0.397839;0.16544;0.959645;0.543781;-0.237075;0.293616;0.650302;0.752387;0.287494;-0.366999;0.754239;-0.353159;0.22786;0.867944;0.00732;0.061673;-0.568051;-0.231321;0.826918;0.231915;0.174098;0.669316;-0.984593;0.102164;-0.058576;0.489734;0.470237;-0.368042;0.630361;0.669862;0.848832;-0.159968;0.941198;0.946348;0.711907;0.375017;-0.161129;-0.564247;0.336129;-0.702146;-0.950495;-0.153529;-0.001103;0.940502;-0.235481;-0.741558;-0.90698;0.363095;-0.688622;-0.19229;0.990232;0.092079;0.60182;0.87247;-0.604233;-0.434817;-0.809948;0.726558;0.513686;-0.812188;-0.143029;0.232189;0.907433;0.187308;-0.786215;0.238742;-0.028656;-0.17964;0.191664;-0.771758;-0.130053;-0.717906;0.950516;-0.759816;-0.723482;0.233261;-0.978138;0.148845;-0.97273;-0.166695;-0.167726;-0.761275;-0.026466;-0.516972;0.745149;-0.299551;-0.750656;-0.889415;-0.145699;-0.279605;-0.08865;-0.801596;-0.559707;0.026028;-0.406557;-0.439136;0.034596;0.206803;-0.352802;0.773108;-0.242626;-0.30318;0.24641;0.044839;-0.001474;0.763244;0.634197;-0.620688;0.871608;0.961696;-0.136806;-0.890995;-0.697225;0.697846;0.044873;0.852078;0.441684;0.687553;-0.485903;0.099136;0.522938;0.02476;0.220288;-0.403525;0.658341;-0.632713;-0.298127;0.417767;-0.409051;-0.176128;0.564942;-0.959478;0.794208;-0.681976;0.768992;-0.04176;0.348989;0.093625;0.043457;0.791816;-0.158307;-0.215605;0.28836;0.897003;-0.061063;0.851291;-0.690286;0.707945;-0.697637;-0.963548;0.094385;0.363882;-0.794118;0.356658;-0.97052;-0.639167;-0.457962;-0.252939;0.025974;-0.739198;0.058172;-0.869997;0.935716;-0.995199;-0.362362;-0.051273;-0.449778;0.536742;-0.521786;0.136886;0.801463;-0.914775;0.212786;-0.313901;0.05515;0.491679;-0.319055;-0.057087;-0.417756;-0.400107;-0.733009;-0.864988;-0.170457;-0.570691;-0.145505;-0.99152;0.869729;0.107121;0.8999;-0.648455;0.35424;0.914579;0.878883;-0.664922;0.881899;0.124284;-0.72428;0.160593;-0.857004;0.051178;0.297358;0.596586;0.189226;-0.162685;0.19521;0.691837;-0.17159;-0.983915;-0.811646;-0.362095;-0.241768;0.421339;-0.564965;0.98041;0.044571;-0.266691;0.340101;0.778573;-0.130931;-0.741423;0.905649;-0.256307;0.375769;-0.033396;-0.280337;-0.346114;0.917584;0.319324;0.712499;-0.002804;0.324645;-0.437835;-0.788434;-0.445106;0.394673;0.448413;-0.802297;0.408444;-0.637624;0.398797;-0.942613;0.18205;-0.271849;0.074245;0.25917;0.493837;0.787862;0.789492;0.832043;0.495467;-0.827815;-0.154923;-0.747751;-0.300622;-0.567957;0.522102;0.183113;-0.009645;-0.503898;-0.850539;0.188492;0.134391;0.978764;0.504094;-0.880587;0.116522;0.685465;0.087125;-0.878346;0.336823;-0.879558;-0.936823;0.211651;-0.209278;-0.260278;-0.517282;0.021283;0.801109;0.653576;-0.633354;-0.318903;0.007461;0.135922;-0.132705;-0.119436;-0.767004;0.196545;-0.891003;-0.854106;0.362386;0.511272;-0.089819;-0.782322;0.468636;-0.863369;0.684829;0.373102;-0.92773;-0.161086;-0.249688;0.755412;0.833198;0.223999;;;-0.81558;-0.787344;-0.775975;-0.183538;-0.052715;0.505391;-0.288464;-0.73009;-0.982209;0.21273;0.536692;0.440825;0.717473;-0.243935;-0.300146;-0.413406;-0.106541;0.276195;
0.125131;-0.137072;-0.465674;0.440804;-0.9102;-0.843385;-0.228648;0.685738;0.589817;-0.176708;-0.548645;0.233958;-0.246438;-0.172689;-0.32279;0.407995;-0.417377;-0.284644;-0.096522;-0.142861;0.083091;-0.622822;-0.82395;-0.085068;-0.063043;0.813319;0.635926;-0.62086;0.407644;-0.730155;0.84259;0.614336;0.064411;-0.096342;-0.646961;0.18874;0.782842;-0.036316;-0.630165;0.867468;0.08541;-0.196718;-0.572623;0.607597;-0.297936;0.867472;0.435607;-0.706298;-0.993622;-0.255632;-0.07211;0.598944;-0.730188;-0.368456;-0.724157;-0.262804;0.025599;-0.540914;-0.850851;-0.080631;0.586373;0.795362;0.794263;-0.620216;0.053518;-0.845519;-0.264768;-0.806571;-0.350399;0.621912;0.26955;-0.139162;0.747423;-0.749195;0.544429;-0.634911;-0.961505;-0.885081;0.50566;0.168439;0.835464;-0.738217;0.189175;0.789771;0.560278;0.897656;0.796088;0.622492;0.093589;0.284303;0.607834;-0.438959;0.572535;0.982878;0.822135;-0.23169;-0.175033;-0.287798;-0.455618;-0.324367;-0.41716;-0.294666;0.580211;-0.829001;0.662705;-0.529329;0.778525;-0.858711;-0.498256;0.794506;-0.309115;-0.557754;0.675355;0.127833;0.235804;0.530255;-0.283444;-0.689692;0.315078;0.125004;0.441655;0.847019;0.714851;0.35024;0.391335;-0.150525;0.583876;0.974676;-0.749216;-0.145517;-0.525681;0.58534;0.759156;0.158732;-0.967104;0.743561;0.504261;0.34088;0.732076;0.483385;-0.532333;-0.658006;-0.290618;-0.785568;0.781443;0.579921;-0.853027;-0.660127;0.438097;0.947174;0.078991;-0.54232;0.87021;0.902947;0.096537;-0.976783;0.797562;0.228183;-0.506262;-0.675647;-0.438467;0.666461;0.168084;-0.463911;-0.247017;0.073055;0.859126;0.504999;-0.513752;-0.753746;-0.678356;-0.372463;-0.115993;0.790351;-0.972596;0.304059;-0.605462;-0.776592;-0.13398;-0.958328;-0.128046;0.951681;0.129836;-0.609506;0.567433;-0.098879;0.831749;-0.45692;0.403744;0.607221;0.330527;-0.52181;0.290233;-0.46624;0.373316;0.519813;0.037013;0.559918;-0.751573;0.942981;0.33087;-0.704866;0.607011;0.400463;-0.074922;0.37884;0.301782;-0.021157;0.58063;0.55871;0.21084;0.789987;-0.717624;0.638818;0.101536;-0.233655;-0.696147;0.1733;0.751488;0.522761;-0.942959;-0.188057;-0.100713;-0.646955;-0.949557;-0.207734;-0.349492;0.60683;-0.163328;0.039441;-0.99683;-0.311426;0.185629;-0.040361;0.505564;-0.845391;-0.760607;-0.442204;-0.339748;0.187983;-0.810999;0.758537;0.934437;-0.646715;0.484321;0.855848;0.292543;-0.715625;-0.570027;0.986329;0.161823;0.046918;0.278394;0.634967;0.064633;-0.201917;-0.929223;-0.698152;-0.767296;0.250946;0.462081;-0.705997;0.03672;0.836431;0.716331;0.614331;0.967415;-0.217058;-0.058358;0.420823;0.68545;0.98008;0.189805;-0.652759;0.283034;-0.089214;-0.73807;-0.705302;0.553842;0.824672;-0.758297;0.27893;0.267226;-0.900655;-0.080401;-0.681198;-0.066596;-0.105315;-0.479481;-0.942844;-0.457587;0.577704;0.013277;0.912348;-0.950108;0.459214;0.144646;0.713036;-0.101209;-0.164782;-0.852827;0.541399;0.041002;-0.037414;-0.710267;-0.935233;-0.106497;0.028317;0.635182;0.19737;0.181791;-0.788421;0.94549;-0.822572;0.166479;0.565725;-0.001014;-0.091384;0.272887;0.956251;-0.351093;0.778947;-0.346306;0.406353;;;-0.615886;0.455135;-0.63051;0.327259;0.950403;0.656577;-0.602171;-0.743858;0.629906;-0.271549;-0.234699;0.229265;0.286304;-0.711664;0.747893;-0.792284;-0.150929;0.862657;
-0.183175;0.40851;0.167001;0.26049;-0.532856;0.82381;0.649615;0.521349;-0.823316;0.274493;-0.305574;0.567459;-0.448697;0.135409;0.562405;-0.352564;-0.011455;-0.827923;-0.033296;-0.976713;0.071814;0.7014;-0.962636;-0.371941;0.214129;-0.436699;0.866701;0.549813;0.049262;0.47081;0.763626;0.503226;0.273912;-0.878282;-0.031325;0.591877;-0.539444;0.844144;-0.723334;0.462085;-0.057664;-0.502819;-0.430193;-0.519872;0.279395;-0.564582;-0.93341;-0.993232;0.174836;-0.01194;0.688946;-0.087069;-0.730763;0.634902;-0.042983;-0.48449;-0.657392;-0.032285;-0.177135;0.959902;0.646826;0.482422;0.314909;0.452087;-0.611293;0.002356;0.405063;0.595525;-0.039554;-0.036125;-0.119916;-0.73137;0.142091;0.817923;0.359995;0.245874;0.913145;-0.199756;0.813061;0.904617;-0.18899;-0.867394;-0.720774;-0.475673;-0.192504;-0.099627;-0.388873;0.905998;0.832533;0.652865;0.133495;-0.637289;0.75312;0.740511;0.160372;-0.109225;-0.182846;0.99599;0.704648;-0.589124;0.668172;-0.886633;-0.507586;0.554592;-0.924957;-0.493486;-0.377172;0.75723;-0.502452;0.673079;-0.710272;-0.136415;-0.834521;-0.451982;-0.837729;0.566067;0.176784;-0.7563;0.637839;0.149678;0.673135;-0.690304;-0.760701;0.213938;0.384712;-0.814192;0.135769;-0.837869;0.868098;0.448154;0.871529;0.320592;0.271204;0.67766;0.783777;-0.126561;0.158523;0.890011;-0.619237;-0.053564;0.500256;0.994706;0.674289;-0.659856;0.090019;-0.591171;-0.769793;-0.678536;-0.303376;-0.168037;0.345603;-0.278165;0.393577;0.335919;0.047884;-0.18236;0.720041;-0.050523;-0.637464;-0.688613;-0.843687;0.515098;-0.161211;0.899764;-0.114867;-0.018985;-0.030613;-0.685883;-0.181046;-0.948756;0.134553;0.221315;0.585113;-0.20837;-0.310104;-0.286368;-0.794566;0.960717;0.709028;-0.617185;0.99799;-0.787926;-0.168832;-0.043996;0.801587;0.324072;0.604645;-0.242801;-0.882624;0.801838;0.790929;0.43638;-0.528153;0.099781;-0.695191;0.638995;0.453309;-0.805859;0.642793;0.094349;-0.489261;0.009338;-0.722614;0.293241;0.925428;0.192088;0.483112;0.862059;-0.804239;-0.06935;-0.829718;-0.352638;0.89132;-0.172789;0.086574;0.853329;-0.569407;0.553201;0.672865;-0.945358;0.312146;-0.740847;0.238086;0.146937;0.353989;-0.121355;-0.059318;-0.349224;0.399758;1.008493;-0.939076;-0.158374;-0.15575;-0.828422;-0.084308;0.624459;-0.525458;0.810502;0.122043;-0.316544;0.437776;0.895824;-0.071241;-0.014776;0.437653;-0.09077;-0.670431;-0.54182;0.856047;-0.103659;-0.570984;-0.316589;0.834161;0.090743;-0.658208;0.63788;-0.070913;-0.533503;-0.940783;-0.981676;-0.707722;0.529681;-0.794418;0.179646;0.320068;0.625918;-0.519485;-0.467122;-0.052868;0.602823;-0.487916;-0.208087;-0.135423;-0.417606;-0.075891;0.250526;-0.85648;0.834239;-0.426687;-0.977335;0.624373;0.748279;-0.470988;0.526554;0.038633;-0.9677;-0.448039;-0.697761;0.437128;0.327799;-0.692322;-0.22976;-0.594407;-0.61711;-0.610221;0.803175;0.639491;-0.796304;-0.634676;-0.622743;0.921446;0.607382;0.597739;0.304952;0.55073;-0.625889;-0.291764;-0.320407;-0.02567;-0.541534;0.241528;0.558625;-0.082432;-0.847506;0.146544;-0.889789;0.389767;-0.431865;0.070172;-0.167824;-0.96903;0.434716;0.257981;-0.150944;;;-0.490611;-0.177975;0.839339;0.949899;0.376269;1.032244;0.32501;0.651176;-0.588966;-0.818957;0.061681;-0.826875;-0.247627;-0.622265;-1.048985;-0.027932;-0.848417;-0.167217;
0.89687;-0.032985;-0.063837;0.459099;0.952832;-0.41219;-0.263689;0.78645;0.392674;-0.494984;-0.749132;-0.358026;0.909766;-0.335152;0.428493;-0.27842;-0.175618;0.824421;-0.230858;-0.855713;0.516915;0.370684;-0.884445;-0.016048;-0.602757;-0.161311;0.174425;0.367763;0.309053;0.436052;0.406658;-0.720259;-0.489481;0.827117;-0.823937;0.552382;0.490962;0.261076;-0.169886;-0.568903;-0.732736;0.131898;0.591826;-0.148118;-0.347218;-0.495635;-0.353134;-0.918738;0.701519;-0.248017;0.509899;0.932118;-1.011048;0.105096;-0.190199;-0.965018;-0.450511;-0.000755;0.881728;-0.1944;0.34664;-0.800616;-0.158308;0.409394;-0.688126;-0.376782;0.037954;-0.983305;-0.058106;-0.188217;-0.064341;-0.270773;0.058315;-0.201827;-0.580286;0.211162;0.839399;-0.485688;-0.956843;-0.24158;-0.096178;0.756776;-0.004559;-0.326169;0.973849;0.451683;-0.923695;-0.942223;-0.12249;0.817135;0.802752;0.732861;-0.84434;0.554191;0.85897;-0.957074;-0.879774;0.143681;0.478383;-0.533471;0.462993;0.855245;-0.677939;0.490938;0.464101;0.435017;1.048297;-0.497716;0.740212;-0.083171;-0.740354;-0.654601;0.894006;-0.552457;-0.645107;-0.589773;0.064593;0.86021;0.237348;0.311169;-0.833296;0.845091;-0.368023;0.835406;-0.282224;-0.062182;0.810364;-0.64121;0.966576;0.840672;-0.116656;0.89721;-0.111367;0.162904;0.158154;-0.812365;0.916895;0.898909;-0.626598;-0.674223;0.166478;-0.793385;0.796609;0.781612;0.576894;-0.778563;-0.992951;-0.686903;-0.802931;0.36707;0.151086;-0.77836;-0.242628;-0.619574;0.656611;-0.121051;0.421637;-0.034631;0.320528;0.687504;0.893457;0.319256;0.013067;0.608216;0.04823;-0.264716;0.252402;0.935876;0.842765;-0.217181;0.933718;-0.427515;0.681002;0.802488;-0.348142;-0.564092;0.019541;-0.313345;-0.000156;0.673319;0.280853;-0.715996;-0.81153;-0.706395;-0.515855;0.321579;-0.745354;-0.527723;-0.515356;-0.635865;-0.91364;-0.729657;0.541339;0.866423;-0.308054;0.75091;-0.302644;-0.345208;-0.657199;0.947512;-0.376132;0.441204;0.535109;0.087698;0.977373;0.31586;-0.875568;0.801898;-0.056564;-0.180853;-0.672526;0.06458;-0.617455;0.105747;0.44328;-0.128305;0.642646;0.822292;0.491293;-0.332907;0.441073;-0.12122;-0.404065;-0.196022;-0.158615;0.099001;0.83895;-0.286191;0.266876;-0.687681;-0.85731;0.378115;0.603484;-0.667477;0.243631;0.509736;-0.671181;0.253323;-0.568143;-0.023108;-0.946838;-0.833182;0.993235;0.79243;0.950728;0.013673;0.751351;-0.074865;-0.956536;0.698335;-0.360827;0.516959;-0.945322;0.121712;0.591287;-0.674232;-0.037408;-0.234204;-0.592398;-0.557291;0.920258;-0.353297;0.66712;-0.111745;-0.058129;-0.934815;0.675593;0.894533;0.38912;-0.404097;-0.972735;-0.368077;0.736383;-0.264924;0.698128;0.946168;-0.41163;0.950084;-0.896111;-0.719387;-0.00403;0.022422;-0.073438;0.636668;0.429557;0.965552;-0.46081;0.606568;-0.314655;0.79711;0.791098;-0.068519;0.831327;0.765429;0.488168;-0.628315;0.264566;0.870618;0.51317;-0.265524;-0.91311;-0.25585;-0.731576;-0.864605;0.710153;0.048495;0.137819;0.706602;0.884284;-0.955759;-0.135634;-0.895517;0.597248;0.083859;-0.988455;-0.918832;-0.008068;-0.874591;0.924819;-0.969756;0.306981;0.438936;0.142885;0.061619;;;-0.208405;-0.303863;0.674504;-0.783867;0.054535;0.206829;0.4536;-0.290303;-0.560344;-0.279129;-1.009988;1.026876;-0.748352;0.42891;0.523937;-0.297036;0.742406;0.546315;
0.076278;0.025121;0.749009;0.033969;0.282647;0.081149;-0.283993;0.687123;-1.007039;-0.856335;-0.384492;-0.733662;-0.881703;0.191347;0.060396;0.192859;0.294561;0.84658;0.727358;0.903762;0.867854;-0.598379;-0.644838;-0.154766;0.516143;0.475875;-1.073529;-0.718387;0.453567;-1.067541;0.102019;0.522908;-0.797918;0.690599;-0.862595;-0.889425;-0.824768;-0.594107;-0.643315;-0.741271;0.310244;-0.002587;-0.015442;-0.190983;0.497975;-0.617911;0.628063;0.074084;0.661522;-0.947322;-0.416022;0.193012;-0.910135;-0.389798;-0.556911;-0.145321;0.732102;-0.662692;0.966158;0.767282;-0.368156;-0.286029;0.890614;0.084353;-0.846887;0.802391;-0.092357;-0.734392;-0.358714;0.682001;0.574666;-0.296151;-0.714698;0.308653;0.830134;0.829445;-0.777652;-0.19033;0.425376;0.785708;0.752037;0.926759;-0.326958;0.154297;0.119268;-0.594476;0.631972;0.05307;0.50152;-0.126578;-0.185798;0.879602;-0.405777;-0.535588;-0.664649;-0.725753;-0.547352;-0.994087;-0.008615;-0.979418;-0.663091;0.831918;0.548182;-0.349848;-0.245122;-0.571912;-0.440171;0.453168;0.403752;0.494871;0.075495;-0.750559;-0.533482;-0.24248;0.50704;-0.294159;0.825016;0.324958;0.121634;0.580032;0.821681;0.134866;0.313104;-0.677972;-0.449184;-1.147382;-0.233144;-0.771158;0.792283;-0.176169;-0.233334;-0.891409;-0.84149;0.19788;0.337873;0.696074;0.426159;0.389656;0.203272;-0.096292;-0.373963;0.103983;0.136998;-0.023946;-0.462553;-0.52735;-0.301469;0.771919;0.060105;-0.652894;0.503876;0.017596;-0.823268;-0.829317;0.394125;-0.107847;-0.342582;-0.336015;-0.04912;-0.123283;-0.247534;-0.524133;0.519857;0.84211;-0.817446;-0.125669;0.109903;0.780258;0.928053;0.513406;-0.27215;0.312854;0.699297;0.910126;-0.425566;-0.049889;0.073864;0.101404;-0.897695;-0.815061;-0.219759;-0.208438;-0.440071;-0.931521;-0.501819;-0.672177;-0.139129;0.708111;-0.33297;0.914937;-0.452609;0.661191;0.728701;0.60429;0.940534;0.240329;-0.284674;-0.737723;0.931504;0.036183;0.537443;-0.143319;-0.134833;0.73405;0.34092;-0.932237;0.182614;0.464428;-0.187223;0.502713;0.811248;0.54668;0.142093;-0.122704;-0.796966;0.35607;-0.819302;0.482182;0.444278;0.666729;-1.069569;-0.755227;-0.594893;-0.752411;0.869071;-0.998882;-0.63424;0.035144;-0.586557;-0.535304;0.152457;0.858343;-0.658833;1.141644;-0.880419;-0.081559;-0.24891;-0.34086;-0.108785;0.527034;0.687722;-0.591499;-0.64883;0.400569;0.536005;-0.238141;0.481082;0.283168;0.531463;0.066863;-0.975201;-0.675012;0.641167;0.201959;-0.656993;-0.021877;0.414358;0.345182;-0.928959;-0.31105;-0.650428;-0.759742;-0.192092;-0.640905;0.967175;-0.444257;0.226345;0.312854;-0.243319;-0.463035;0.917258;-0.761274;-0.321142;0.247181;-0.028012;-0.559693;0.160042;0.328601;-0.620413;-0.548428;-0.015431;0.245687;-0.516462;0.623239;-0.851047;0.24686;-0.702868;0.64122;0.255127;0.757626;-0.94465;-0.461712;0.609412;0.056273;0.021893;0.427257;0.702666;-0.975795;-0.694634;0.34297;0.073393;0.62;0.606401;-0.060272;-0.010531;0.087821;-0.003005;-0.010904;-0.898737;-0.473864;-0.545614;-0.390324;-0.597273;0.757786;-0.507799;-0.98478;-0.319794;0.933445;-0.582733;0.247274;-0.204641;-0.710943;-0.602387;-0.706292;;;-1.165496;-0.066287;-0.268772;-0.886158;-0.211164;-0.887976;0.265178;-1.044634;0.11011;0.028029;0.941695;-0.731963;0.140291;0.371914;-0.416785;0.020401;0.400668;-0.049966;
-0.501404;-0.745533;-0.298423;0.45627;-0.996313;0.109828;-0.428292;0.219429;0.459026;-0.403872;0.038751;-0.213488;0.794721;-0.04061;0.883131;0.567741;0.848307;0.137204;0.292953;0.876134;-0.53574;-0.101609;0.126944;-0.725878;0.397383;0.46154;-0.540678;-0.156662;-0.626048;-0.523183;0.310874;-0.849738;0.658353;0.016743;-0.504072;-0.98742;0.708679;0.296575;-0.159063;0.373577;0.188805;-0.600113;0.590516;-0.065657;1.185291;-0.291884;-0.60828;0.685926;0.691998;-0.909127;-0.317658;0.368418;-0.730246;-0.046373;0.094763;-0.464874;0.357524;-0.392806;-0.756089;0.74284;-0.805828;0.613629;-0.532476;-0.599228;0.62503;-0.00529;0.327138;-0.359781;0.142368;-0.640155;0.411932;1.127824;0.32105;0.640098;-0.511076;-0.118441;0.010443;0.531392;-0.097505;0.476031;-0.591221;-0.858737;-1.179785;-0.302328;-0.122412;0.307847;0.728034;0.05792;0.348689;0.776627;0.865533;0.610724;0.268861;0.011257;-0.619766;-0.511266;-0.365596;1.114088;-0.617032;-0.492786;-0.870331;0.02811;-0.033965;-1.278463;-0.888329;1.109896;0.142087;-0.300691;0.459465;-0.838273;0.549617;0.373242;0.202205;0.097638;0.322407;0.036384;-0.059155;-0.972862;-0.794677;0.034551;0.596736;-1.03177;-0.150738;-0.65431;-0.046663;-0.2095;-0.485485;0.140788;0.408349;-0.480566;-0.215819;0.472023;0.459403;0.288722;-0.215353;-1.037057;-0.431599;-0.768443;0.215511;1.110362;0.047954;0.769285;-0.527634;-0.430178;-0.36662;0.560676;0.763293;0.124134;0.789879;-0.389072;-0.985054;-0.481906;0.155148;0.385098;-0.506235;0.506735;-0.774329;0.052595;-0.334671;-0.475554;-0.099128;0.330494;0.616266;0.0048;0.456169;0.316685;0.398172;1.495638;-0.195129;0.564015;0.013131;-0.370499;-1.095423;-0.140846;0.506065;-0.067813;-0.514844;1.722101;-1.659869;-0.165231;-0.125607;0.568793;0.573373;0.150138;-0.449247;-0.341759;-0.244281;0.675374;0.270012;0.273676;0.89502;0.933049;-0.051319;0.302144;1.308919;-0.588559;-0.352527;1.127386;0.253928;0.391336;-0.028684;-0.305413;-0.188554;0.626042;0.048606;0.404815;-0.144354;0.019752;0.293816;1.051705;-0.552091;0.751949;0.410625;-0.390734;-0.593641;0.074835;0.239523;0.250143;0.438973;0.179679;0.219801;0.947853;-0.646604;0.337269;0.289522;0.581458;0.478852;-0.996424;-0.855802;0.693055;0.085135;0.130011;0.371609;0.101969;0.043534;0.7441;0.288712;0.557495;0.481396;-0.746031;0.492042;0.76034;-0.360957;-0.511769;0.896789;-0.358405;-0.894711;-0.312532;-0.777596;-0.450592;0.624037;0.039687;0.198057;0.842459;0.12618;0.077517;-0.272104;0.90665;-0.254932;-0.439249;0.40972;-0.555711;-0.808922;0.101868;-0.492319;-0.248178;0.037441;-0.403253;0.746782;0.224303;0.533803;0.689908;0.334992;0.669383;-0.157995;-0.398871;-0.884301;-0.808378;0.967115;0.192881;-0.098468;-1.002093;-0.550414;0.38377;0.741044;0.569541;-0.021022;0.509332;-0.680755;0.661041;-0.751056;-0.389544;-0.810315;-0.026664;0.375718;-0.732706;0.298608;-0.209444;0.019877;-0.440137;0.503603;-0.259973;-0.294061;0.076598;0.187838;0.208152;0.523289;-0.462921;0.07383;0.135016;-0.548681;-0.854383;-0.814469;0.860268;0.724842;-0.466792;-0.211596;0.41581;-0.905537;0.231321;0.411924;-0.383262;1.232185;-0.511618;;;-0.480342;-0.452488;-0.921384;0.87275;-0.650617;-1.752516;-1.678154;-1.068656;0.055888;-3.145144;1.602142;-0.185103;0.617398;3.173333;-0.204614;0.08276;-0.37473;0.992749;
0.538541;-0.344075;0.355361;-0.482094;-0.495187;0.789786;0.137824;-0.313205;-0.392987;0.62094;0.618189;1.03654;0.728901;-0.510028;-0.220918;-0.876523;-0.037237;0.702325;1.199495;0.612361;-0.761723;0.143841;0.940138;-0.730427;-0.582982;-0.837392;0.815126;-0.860805;-0.379574;-0.319781;-0.170039;0.381975;0.361976;-0.15128;-0.762207;0.552592;-0.258708;0.332271;-1.011829;-0.39039;-0.919237;-0.240781;0.766495;0.47116;-0.239188;-0.617477;0.978617;0.62903;-0.753797;-0.521929;0.680976;0.766586;-0.276054;-0.270394;-3.943713;-8.021098;-1.209906;-4.598423;12.089529;7.54701;6.508721;-1.399075;16.395982;32.28902;-0.850435;1.560122;0.661378;-1.982343;-2.623269;1.59742;1.863035;2.074713;0.874542;-0.446057;-0.034316;0.047646;1.078427;0.334808;0.222634;-0.093889;-1.117842;1.109584;-0.073105;0.241679;-0.717931;0.63354;0.904698;-0.680403;-0.7352;0.001916;-0.317852;-0.035801;-0.800997;-0.582673;0.393025;-0.713799;0.397955;-0.489496;0.673338;0.409342;-0.733689;0.74615;0.225579;0.488598;0.136044;-0.112293;-0.148529;0.425822;-0.175347;-0.357114;0.51408;0.27679;0.297793;0.371721;-0.635165;0.029316;-0.064169;0.575632;0.354307;-0.19245;0.104046;0.115162;-0.880642;-1.428651;-0.265698;-0.306757;-0.610379;-0.026889;0.152537;-0.071954;0.988693;0.410812;0.366982;-0.881975;-0.917091;-0.038729;-0.033235;-0.313384;0.13778;0.039856;0.16467;-0.186848;-0.523762;0.072328;-0.161889;-0.354072;-0.483664;-0.809578;0.731399;0.053995;-0.439942;-0.522712;0.296322;0.268953;0.075095;-0.409065;-0.439804;0.408996;0.42719;-0.699783;-0.79003;-0.192917;0.325707;-0.802027;-0.28575;0.16475;0.272923;-0.863867;-0.562234;0.222567;-0.316107;-0.36711;-0.529069;0.001739;0.217568;0.017699;0.973474;0.298026;0.231532;0.369928;-0.308523;2.804935;-5.826618;3.819066;0.379831;-4.038882;-0.507586;-1.551679;-0.479231;-0.865669;1.022003;0.202296;-0.791674;7.912587;1.122505;0.260638;3.591401;2.655037;0.045077;-0.046094;1.06712;-0.599827;-0.459526;0.287697;0.109357;0.914555;-0.056021;1.709287;0.885146;0.333536;0.496;0.461905;0.529667;0.374433;-0.500254;-1.253679;-0.170575;0.106178;-0.247311;0.226682;0.078778;-0.888932;-0.344342;-0.924377;0.71901;0.559738;-0.635581;0.488909;0.239682;-0.955578;0.572274;-0.237303;-0.625585;-0.339784;0.57488;0.176659;-0.296016;0.813027;0.478781;0.19188;0.208466;0.134486;-0.611916;0.313864;-0.389476;0.024425;0.019703;0.081467;0.405184;-0.133548;-0.994732;-0.078899;-0.992293;0.120124;0.102304;-0.005465;-0.792937;0.000701;0.563533;0.667742;-0.591785;0.261592;-0.889694;0.163469;0.677836;0.79468;-0.606127;0.616548;0.583611;-0.818047;-0.527616;0.568619;0.157769;-0.436659;0.151351;0.43714;0.596112;1.132473;-0.290223;-0.34977;0.299957;-0.877167;-0.434972;0.66688;1.462936;0.719761;-0.239346;-0.464051;0.109428;-0.889332;-0.747951;0.357224;0.149716;-0.768788;-1.07246;-0.716446;0.117948;1.009513;-1.163009;-0.043216;0.026525;-0.300974;0.040966;-0.575825;0.10477;-0.440161;-1.098036;-0.44875;-0.413006;0.138368;-1.500733;0.913682;-0.338685;0.376484;-0.855741;0.171452;0.705634;-0.371126;-0.088511;-0.980849;-0.110169;-0.019219;0.076533;-1.248478;;;0.748777;1.165952;0.431579;-19.091807;-0.194573;-0.723836;-0.968826;0.241186;0.268417;0.037806;9.974375;0.084399;-0.1393;-0.495683;0.773103;0.004053;-0.946763;-0.189938;
0.007335;-0.003455;0.004472;0.006712;-0.008144;-0.022895;-0.019921;-0.017295;0.030659;-0.002862;0.004113;0.020039;-0.021431;0.00581;0.002375;0.004332;0.029395;-0.01654;-2.085783;2.952795;-1.224456;44.275229;2.453159;-2.268782;-0.094281;-4.383296;5.524962;-6.277139;5.982259;5.187301;-4.152759;-0.242589;-3.671277;0.750113;23.993404;-5.123514;0.716845;-0.977273;0.915667;21.696373;-1.066198;-0.750149;-1.456192;0.052925;-1.503884;-0.587373;-0.462099;2.785068;-4.635341;0.758396;0.195192;0.016183;4.926007;-2.576634;0.00136;-0.000178;0.000907;0.00137;-0.001557;-0.004008;-0.00358;-0.002779;0.005052;-0.000629;0.000613;0.003853;-0.004493;0.000761;0.000651;0.000885;0.006305;-0.003415;-0.008642;0.004267;-0.005045;-0.007719;0.009428;0.026658;0.023384;0.020262;-0.036017;0.003346;-0.004901;-0.023526;0.024811;-0.006837;-0.002565;-0.005098;-0.034009;0.018948;-0.067277;-0.207494;0.114037;0.103574;0.057548;-0.45363;-0.567062;-0.2482;0.462769;-0.099639;-0.06028;0.375775;-0.519752;0.067216;-0.003392;-0.038672;0.420964;-0.127213;0.010104;-0.004612;0.006;0.009154;-0.011094;-0.031061;-0.027272;-0.023397;0.04167;-0.003989;0.005611;0.02762;-0.029464;0.007766;0.003204;0.006023;0.040511;-0.022524;0.006435;-0.003252;0.003738;0.005722;-0.00701;-0.019876;-0.017423;-0.015144;0.026908;-0.002475;0.003673;0.017491;-0.018375;0.005139;0.001874;0.003784;0.025174;-0.014046;-0.006815;0.003208;-0.003994;-0.00612;0.007448;0.020923;0.018387;0.015811;-0.028165;0.002672;-0.003815;-0.018591;0.019711;-0.005278;-0.002093;-0.004051;-0.027089;0.015051;0.00445;-0.002515;0.002599;0.003928;-0.004861;-0.014006;-0.012161;-0.010816;0.019087;-0.001651;0.002627;0.012029;-0.012491;0.003778;0.001214;0.00256;0.016999;-0.00962;-0.002511;0.001141;-0.001623;-0.002374;0.002846;0.007992;0.006884;0.006026;-0.010607;0.000984;-0.001396;-0.006898;0.007521;-0.00202;-0.000883;-0.001474;-0.010266;0.005839;-0.015916;0.007975;-0.009439;-0.014309;0.017476;0.049517;0.043222;0.037681;-0.066823;0.006129;-0.009073;-0.043318;0.045763;-0.012793;-0.004795;-0.009344;-0.06266;0.035146;0.403695;-0.205666;0.030245;0.724891;-0.315108;-1.18426;-1.253017;-0.47603;1.877491;-0.231665;0.454232;1.040475;-0.892725;-0.126075;0.039439;0.499521;1.743274;-0.720472;;;-0.060738;-49.772696;-23.77715;-0.010962;0.071064;-0.928955;-0.082966;-0.052939;0.055896;-0.036978;0.021057;0.131509;-3.744089;
