;;0.202063;-0.368165;0.061579;0.63154;-0.62238;-0.688843;-0.06685;-0.093192;-0.598593;-0.360584;0.782579;0.099385;-0.687694;0.044518;0.492394;-0.36937;0.089568;0.392226;0.487235;-0.810245;0.758803;0.917616;
0.874926;0.770846;-0.903411;0.088516;-0.787857;0.403621;0.971557;-0.633985;0.891607;-0.305346;0.894383;-0.920432;-0.254536;-0.501555;0.629281;0.593254;-0.458538;0.415853;-0.036882;-0.067819;0.436278;0.606625;0.806048;-0.835755;-0.149736;-0.040755;0.987866;0.922364;0.808023;-0.523745;0.807092;-0.093616;0.491329;-0.037814;0.09994;-0.868489;-0.090509;-0.782352;0.452236;0.786477;0.4609;0.728755;-0.006237;0.597848;0.252967;-0.300062;-0.665982;-0.739869;-0.338529;0.783991;0.010534;-0.135926;-0.670795;-0.740218;0.214197;0.33928;0.984198;0.035507;-0.510347;0.108862;-0.25557;0.833529;0.038615;-0.239288;-0.59586;-0.654952;-0.308148;-0.73365;-0.77005;-0.043355;0.586966;0.750578;0.597606;-0.175193;0.164241;0.058492;0.043621;0.266074;-0.131792;-0.677965;-0.379665;-0.507513;-0.464205;0.703842;-0.387903;-0.901737;-0.970527;0.779621;-0.679131;-0.944587;0.434586;0.224037;0.654105;-0.419846;-0.231574;-0.836689;0.316859;0.542941;-0.54358;-0.28131;-0.518757;0.206332;0.025358;-0.265715;-0.388562;0.263685;-0.056855;0.768931;-0.307653;0.314972;-0.931616;0.286717;-0.782516;-0.864371;-0.312741;0.205441;-0.947714;0.104442;-0.996395;0.061081;-0.474786;0.825984;-0.35828;0.887397;-0.006522;0.868967;0.203943;-0.653216;0.565517;-0.66888;-0.806396;0.844642;0.881723;0.992119;-0.809727;0.472993;-0.182854;0.63803;0.643954;0.163962;-0.044035;-0.104557;-0.909936;-0.172983;-0.255933;-0.06878;0.145459;0.337749;0.679663;-0.375338;0.958331;0.77684;-0.131742;0.443537;0.554684;0.442751;0.137873;0.042207;0.966843;0.934657;0.854558;0.49643;-0.603033;0.481874;-0.935918;0.700671;-0.250847;0.066135;-0.180078;-0.464479;0.460998;0.492869;-0.892947;0.387605;0.038361;-0.86813;0.879148;0.038761;0.416322;0.622804;0.013155;0.059254;-0.86484;0.442915;0.79974;0.05799;0.28729;0.258038;0.561244;0.424057;-0.273916;-0.285272;0.564216;0.861932;-0.386058;-0.475647;0.273201;-0.212501;0.091575;0.931774;-0.379297;-0.365289;0.705727;-0.017324;0.212157;0.939636;0.853188;0.353944;0.657128;0.537635;-0.491329;-0.801846;0.48128;-0.159697;0.052098;0.752916;0.838006;0.551235;0.300473;0.000996;-0.53812;-0.347676;-0.412542;-0.985903;0.626955;-0.525164;-0.312709;-0.275815;-0.740507;-0.725163;-0.185542;-0.386099;-0.457232;0.216256;-0.823181;-0.521867;-0.644693;-0.05589;-0.546475;-0.838695;-0.495058;0.077987;0.991102;0.609713;0.038462;0.699279;0.868573;-0.812076;0.781253;0.130299;0.715252;0.894137;0.836756;-0.449722;0.243219;-0.322968;0.975107;-0.040813;0.882828;0.720642;0.868652;0.0394;0.217002;0.441251;-0.023524;-0.913095;-0.337663;-0.441735;-0.192725;0.553622;-0.860517;-0.60976;-0.650778;0.184739;0.436539;-0.673845;-0.023222;0.223522;0.258009;-0.02625;-0.761168;0.833427;-0.744637;-0.056652;-0.005868;0.535466;-0.12402;0.642574;-0.441746;0.032166;-0.104284;-0.704889;0.325193;-0.112415;-0.198529;-0.963186;0.947142;0.918443;0.575606;-0.870641;-0.860182;-0.76486;0.251915;0.799196;0.794231;0.233659;0.245295;-0.016293;0.932546;0.701906;0.788104;-0.60715;0.482771;-0.048918;-0.175577;0.144717;0.517904;-0.430584;0.823381;-0.876062;-0.067801;-0.815713;0.74275;-0.147036;-0.787689;-0.579428;-0.2172;0.67973;0.500946;-0.999436;-0.278091;0.494672;0.285029;0.363545;0.090001;0.924742;-0.630314;-0.911628;0.853205;-0.64428;-0.911192;-0.74178;-0.190276;0.446112;-0.380207;-0.639358;-0.284501;-0.333045;-0.325668;0.645477;-0.000734;-0.607871;0.414503;-0.475327;-0.464401;-0.868198;0.14668;-0.310919;0.605303;0.518648;0.912546;-0.592551;0.202017;-0.099209;-0.458947;-0.145491;0.086672;0.038833;-0.150112;0.40198;-0.677862;-0.95037;-0.42712;0.2774;-0.148146;-0.132204;0.083551;-0.22471;0.453341;-0.988174;-0.735274;0.816229;-0.926774;-0.842943;-0.183022;0.788394;-0.86118;0.136126;-0.851403;0.635828;0.468534;0.635966;-0.287838;0.578821;0.443257;0.559943;;;0.868592;-0.263869;0.126905;0.764239;0.866728;0.760125;0.399183;-0.879382;-0.716786;-0.856319;0.614112;-0.541242;0.32211;-0.554423;-0.428734;0.2909;0.407966;-0.414095;
-0.591677;0.552435;0.741733;0.510478;0.707017;0.300073;0.708381;-0.672586;0.859483;0.965734;0.532612;-0.68444;-0.633039;-0.849157;-0.950014;0.357785;0.811267;-0.548841;0.244255;0.423088;0.44115;-0.732833;-0.494153;0.103249;-0.060374;-0.03959;-0.44414;0.542981;0.210596;-0.369603;0.860127;0.883879;0.750772;0.724761;-0.549597;0.363289;-0.887188;0.872132;0.542813;0.979477;0.09258;-0.943713;0.780608;0.185299;-0.309446;0.788869;0.006159;0.145389;-0.737169;0.009079;-0.22305;-0.604663;-0.982859;-0.383508;-0.757316;-0.164961;-0.388948;0.810908;0.980971;-0.462782;-0.121131;-0.323506;-0.949331;-0.028309;0.693824;-0.983762;-0.694162;-0.346468;-0.755536;0.533631;-0.939646;-0.242042;-0.141799;-0.299279;-0.879752;-0.649178;0.354142;-0.509211;-0.896883;0.38419;0.469983;-0.301242;-0.418537;-0.393905;0.165242;0.416162;-0.956334;0.752107;0.902298;0.877526;-0.207627;-0.28373;0.805428;-0.754379;-0.132255;-0.634348;-0.123385;-0.242472;0.779723;0.991655;0.197901;0.238366;0.503138;0.390177;-0.218443;-0.605512;-0.215869;-0.19538;-0.910881;-0.910239;0.62768;-0.451142;0.19048;-0.617879;-0.110809;0.422775;-0.668075;-0.677523;-0.443456;0.006959;0.95088;-0.928225;0.652912;-0.303331;-0.542545;-0.92664;-0.836473;-0.312167;-0.040925;-0.34142;-0.966399;-0.881825;0.348837;0.279473;0.797711;-0.455892;0.983107;0.667604;0.702306;-0.981851;0.118914;-0.35231;0.112466;-0.729798;-0.222619;-0.462994;-0.434739;0.753331;-0.830578;0.263659;-0.142172;0.626583;0.111729;-0.492522;0.231865;-0.380802;-0.124854;0.692277;0.789957;-0.896903;-0.655768;0.799986;0.069924;-0.103343;0.304223;0.584321;-0.902025;0.010407;-0.34787;-0.746221;0.453308;0.009425;-0.018596;0.340421;0.95829;-0.7549;0.165122;0.919279;0.91227;0.005213;-0.190324;-0.783553;-0.779638;-0.045016;0.911495;0.967294;0.942737;-0.204907;-0.04922;-0.572265;-0.426813;0.120109;-0.33186;0.229586;0.450609;0.472947;0.739941;-0.765352;0.021448;0.66849;-0.374634;-0.880278;-0.970413;0.822653;0.500337;-0.190745;0.002459;-0.825063;-0.892004;0.334594;0.559342;0.689249;0.509968;0.726849;0.07441;0.391021;0.506576;0.739635;0.990005;0.271461;-0.678518;-0.62887;-0.27369;-0.072764;0.034343;-0.848124;-0.409364;-0.40584;0.119591;0.216374;-0.41863;-0.759014;0.975758;0.338891;-0.568943;-0.580135;-0.122546;-0.998485;-0.968305;0.754691;0.671056;0.511716;-0.592044;-0.295173;-0.301596;0.135396;-0.841047;-0.585859;-0.35573;-0.209063;-0.246083;0.301011;-0.080658;-0.674737;-0.292537;-0.721772;0.016862;0.732459;-0.38048;-0.907286;-0.703394;-0.610815;-0.184474;0.839792;-0.391726;0.823978;-0.926563;0.989425;0.922725;-0.519815;-0.760334;0.694587;-0.012696;-0.926207;0.655539;-0.720103;0.385286;0.544768;-0.124895;-0.101507;-0.855498;0.294154;-0.52052;0.733991;0.132596;0.732068;0.530438;0.902901;0.419932;-0.506924;-0.190227;-0.459969;-0.001545;-0.308368;-0.89047;-0.701346;0.859773;0.90242;0.019838;0.667666;-0.584143;0.212914;-0.369061;-0.218047;0.267295;-0.387418;0.886652;0.576853;-0.032288;-0.49326;0.831975;-0.284048;0.87596;0.513824;0.293753;0.322646;-0.384951;0.57313;0.512242;0.468061;0.788718;-0.68751;0.582464;-0.944823;;;0.52196;0.836432;-0.759176;0.206541;-0.3592;0.583282;0.311709;-0.069979;0.049477;-0.883981;-0.472789;0.490987;0.448094;0.906512;-0.730104;-0.85041;0.924624;0.760055;
-0.414641;-0.369377;0.248644;0.033414;-0.459274;0.940209;-0.283739;0.246312;-0.529001;-0.929379;0.687156;-0.969615;0.076015;0.28694;-0.645206;0.607781;-0.033655;-0.726142;-0.583987;0.689359;0.435057;0.8591;-0.184263;-0.600287;0.070099;-0.413293;0.827225;-0.005619;-0.381176;-0.052308;0.821379;-0.236863;0.582487;0.469269;-0.786825;0.352547;0.446316;0.703856;0.562204;-0.572375;-0.636156;0.28479;-0.285647;0.636116;0.29951;0.541414;0.560828;0.464556;0.67638;-0.880354;-0.893191;0.285977;0.825283;-0.325131;-0.752672;0.580034;0.043627;0.374579;0.630256;-0.039195;-0.963136;0.773918;0.38637;0.779487;0.280166;0.614976;0.75961;-0.199153;-0.92104;0.026633;-0.259651;-0.103621;0.387097;0.703623;-0.667974;-0.884716;-0.178538;0.120312;0.547683;0.903442;-0.728232;0.677464;-0.561856;0.388191;0.556517;0.537564;0.832151;0.375792;0.477429;0.853027;0.274471;-0.991742;0.950048;0.689847;-0.283856;-0.741419;0.483586;0.742156;-0.061056;-0.156879;0.655958;-0.407123;-0.358177;0.334813;-0.515119;-0.903427;-0.646931;0.795842;0.083485;-0.253659;0.593212;-0.806935;0.054862;-0.976992;-0.753592;-0.087041;-0.897964;0.641666;-0.725664;-0.714136;-0.436748;-0.503035;-0.44857;0.251257;0.718294;0.867271;0.555589;-0.241202;0.862934;0.877387;0.379998;-0.283724;0.164573;-0.801593;0.437154;-0.867047;0.348573;-0.972574;0.292878;-0.596614;0.231493;0.231393;-0.707136;0.627382;-0.774859;0.519478;0.573172;-0.425697;-0.818402;-0.853611;-0.788425;-0.052274;0.577905;0.057574;-0.182048;-0.652451;0.116354;0.997498;-0.119162;-0.317388;-0.322277;0.739157;-0.684109;0.411354;0.293528;0.566542;-0.335496;0.13272;-0.167823;0.062636;0.41239;0.655658;-0.451461;-0.743315;0.2343;0.32641;-0.94112;-0.311084;0.336286;0.405544;0.748347;-0.196306;0.500338;-0.733742;-0.098878;0.892402;0.803925;0.291817;-0.080016;-0.456463;0.382862;0.045588;-0.318973;0.356591;0.123896;-0.971361;-0.310737;-0.967555;-0.53878;0.377892;-0.188377;0.486735;0.538992;0.467174;0.453523;0.349196;-0.466752;0.250061;-0.194208;0.845217;-0.003969;-0.836053;-0.224001;0.991514;-0.352007;-0.982606;0.97733;0.344119;-0.311213;-0.702777;-0.446512;0.663028;-0.671466;-0.022062;0.233585;-0.010603;-0.623724;0.45583;0.539733;-0.819873;0.453008;0.810414;-0.476479;0.601893;-0.347637;-0.228277;-0.954743;0.978995;0.284201;0.435563;0.24337;-0.459672;0.227045;-0.449118;0.875183;0.165646;0.355001;-0.085559;-0.758314;-0.859915;-0.560792;-0.199588;0.833126;0.775469;0.817531;-0.038715;0.608223;0.34229;-0.62908;-0.582629;0.477172;-0.660223;-0.791522;0.988871;-0.717119;-0.515059;0.203486;0.934863;0.268324;0.889389;0.848983;-0.546562;-0.006095;0.791744;-0.409595;0.346017;0.724604;-0.290794;0.230113;0.180058;0.950874;0.875628;-0.617781;-0.482947;0.728414;-0.159416;0.388993;0.762479;-0.516635;0.034023;-0.776838;-0.11042;-0.224362;0.0702;0.422626;0.722735;0.733916;0.396009;0.224528;0.764713;0.594252;-0.482733;0.067226;-0.879019;0.45959;-0.920273;0.239258;-0.680494;-0.671364;-0.774027;0.587015;-0.438304;-0.98783;-0.525922;-0.928785;0.670899;0.260868;0.23546;-0.94125;-0.86205;-0.356562;-0.592738;-0.592994;0.822543;;;0.197498;0.565163;-0.778597;0.301237;0.115844;-0.251511;-0.969847;0.671657;-0.399299;-0.166029;0.366998;0.975674;-0.927515;-0.133513;-0.764983;0.968894;-0.588567;0.436729;
0.416737;-0.160647;0.705579;0.726745;0.386508;0.259457;0.416836;0.343471;-0.293755;-0.776704;0.873945;-0.422521;0.840673;-0.743344;-0.571063;0.564225;0.668109;0.309666;0.121813;-0.111303;0.530443;0.197201;-0.658796;0.069503;-0.451307;-0.437317;0.854347;0.666272;-0.891676;0.569537;-0.308799;-0.805324;-0.521945;0.843681;0.407804;0.904454;0.872344;-0.523154;0.178676;-0.192185;0.835971;0.684452;0.00335;-0.17458;-0.510017;-0.238975;-0.916285;-0.748363;-0.387879;-0.197144;-0.059144;-0.571515;0.211046;-0.76298;0.694367;0.819368;-0.996351;-0.436477;-0.981837;-0.525299;0.841712;0.890209;0.846243;-0.809364;-0.539222;0.819106;0.20517;-0.745997;-0.596753;-0.808726;-0.422312;-0.580993;0.751072;0.579809;-0.706522;0.228673;-0.616804;-0.722179;0.371233;0.714666;-0.468707;0.331405;0.709777;-0.695303;-0.379313;-0.005228;-0.550253;0.903515;0.029206;-0.410723;-0.742479;0.862403;-0.640156;0.285999;0.788936;-0.300751;0.476602;0.502566;-0.536511;-0.196902;-0.965622;0.5197;0.830327;0.658142;-0.868422;-0.113657;-0.249309;0.554673;-0.651395;0.179944;-0.644277;0.163342;-0.263896;0.222907;-0.720053;0.627945;0.579535;-0.166132;-0.704238;0.875285;0.67821;-0.028271;0.84807;-0.50054;-0.668362;-0.416001;0.661722;-0.983255;-0.602179;-0.578837;0.396744;0.922019;0.135776;-0.42043;0.593505;-0.019141;0.89004;-0.079744;0.950105;0.590443;-0.023252;0.900918;-0.207757;-0.057933;-0.294325;0.601126;0.322208;0.042301;0.983302;-0.754555;0.637578;0.103798;-0.79907;-0.849539;-0.681834;-0.828396;0.311476;-0.821587;0.684046;-0.988079;-0.446923;-0.160207;0.505401;0.127604;0.812958;-0.721758;0.201998;0.70124;-0.443997;-0.683517;-0.211161;0.594077;0.299927;0.731651;-0.39944;-0.712702;-0.360295;-0.129798;-0.225997;0.878477;0.124695;-0.835505;0.363406;0.492307;-0.622917;0.03049;0.225886;-0.651869;-0.497242;-0.058916;0.122079;0.259473;0.477609;-0.916405;-0.949104;0.726638;-0.535941;-0.88565;-0.855578;-0.558273;0.835813;0.712898;-0.300896;-0.953694;-0.996648;-0.06016;0.591685;0.106194;-0.243681;-0.754002;0.480224;0.835189;0.960874;0.704714;-0.981907;-0.864176;0.852652;0.433415;-0.218722;-0.553853;-0.564394;-0.015661;-0.836244;-0.281691;0.763365;-0.551031;0.295268;-0.158591;0.88922;0.392678;0.272896;0.585445;-0.083373;0.465039;0.661194;0.915989;0.82123;0.557833;0.680455;-0.358192;0.924537;0.050359;-0.486541;-0.93465;-0.09001;0.67871;0.740143;-0.675694;-0.785507;0.827112;0.9849;0.005733;-0.166022;0.280558;-0.50509;-0.369099;-0.87889;0.457542;0.982066;0.033589;0.228296;-0.869452;0.502998;0.950967;0.702364;-0.351555;-0.115401;0.865324;-0.078213;0.070497;-0.785709;-0.928012;0.290408;0.345043;-0.223767;0.07286;-0.381468;-0.429961;0.577612;0.622922;-0.968058;0.336795;0.609416;-0.423376;0.287941;0.107764;0.78917;-0.993988;0.503875;0.671809;0.449741;0.294223;0.548316;0.343008;-0.696236;0.422646;0.766307;0.099661;-0.635606;-0.978102;0.415965;-0.20431;0.747551;0.987362;0.300369;-0.770018;-0.886647;0.890001;-0.678125;-0.804288;0.541788;-0.882959;0.791117;-0.127946;-0.215234;0.402767;-0.921266;-0.604345;-0.017876;0.433046;0.390431;-0.003232;0.914367;0.952747;;;0.919837;-0.496331;0.643257;-0.260607;0.462688;-0.376168;-0.858408;-0.863094;-0.678595;-0.388145;0.343432;0.43641;-0.476613;-0.827917;-0.402878;0.048148;0.095419;-0.785776;
-0.875552;0.825375;0.634666;-0.441367;-0.630073;-0.106984;0.950754;0.843571;0.345906;-0.679674;0.233355;-0.609773;0.56762;-0.376328;0.981383;0.284387;-0.839459;0.576113;-0.117159;0.73678;-0.808477;-0.237865;0.378107;0.220093;-0.281771;-0.858544;0.639332;0.770556;-0.116951;-0.774511;-0.364123;-0.441233;-0.5996;-0.63239;0.039039;-0.604987;0.861079;0.950627;0.902878;0.979282;-0.536107;0.544209;0.941249;-0.88211;0.685147;-0.776038;0.992698;-0.67347;0.039852;0.636297;-0.756478;-0.011599;-0.999297;0.851963;0.909436;-0.190889;0.406712;0.021966;-0.928868;0.247016;-0.2393;0.745232;0.346556;-0.388619;0.679601;0.542367;0.55297;0.136783;0.211598;-0.064317;0.982504;-0.970276;0.889369;-0.434455;-0.356628;0.417554;-0.314413;0.982293;-0.608895;-0.389407;0.750149;-0.68792;-0.226061;-0.228965;-0.320066;0.67621;0.757619;0.526566;0.417407;-0.029784;0.069948;0.725072;0.227593;-0.922381;0.302797;-0.345691;0.986475;-0.585979;-0.183762;-0.720699;-0.810507;-0.369429;-0.953822;0.608417;0.769196;0.869086;0.446348;-0.275254;-0.933426;-0.437963;-0.018703;0.823398;0.531914;0.356028;0.285753;0.26563;-0.291352;-0.236047;0.430324;0.920893;-0.372722;-0.815408;0.183414;-0.107693;0.879439;-0.876687;-0.156058;0.576288;0.546887;0.289702;-0.626756;-0.606435;-0.661937;-0.15392;0.648754;-0.717795;0.066688;1.043004;0.490197;0.215116;0.314683;-0.953124;-0.492681;0.003675;0.127037;0.750568;-0.72963;-0.638407;-0.654996;0.158768;-0.191061;0.470127;0.326206;-0.567765;0.017845;0.538952;-0.598694;0.197398;-0.795735;0.249844;0.511667;-0.734652;-0.59112;0.103546;0.268873;0.566344;-0.98211;-0.807912;0.440984;0.262403;-0.369518;0.388144;0.152583;-0.588084;-0.687346;-0.541419;0.640281;-0.745865;-0.572065;-0.210243;0.559545;-0.596803;-0.194903;-0.145493;-0.722134;0.098372;-0.845643;0.5217;0.344846;0.400972;-0.086706;-0.039827;0.546152;0.883477;-0.617025;0.866468;-0.777688;-0.267617;-0.614827;0.797738;-0.198829;0.805487;0.340726;0.73339;-0.721456;-0.518735;0.102443;-0.215783;0.909516;-0.405381;-0.152277;0.582946;0.524062;-0.11815;0.383039;0.637882;-0.262543;0.715534;-0.416515;-0.428334;0.362185;-0.325295;0.277606;-0.893373;-0.047123;0.507839;-0.626831;-0.979004;0.276535;0.868859;0.311193;0.727801;-0.192384;-0.810107;0.534562;0.840445;-0.343687;-0.121462;0.195017;-0.843329;-0.321565;-0.21347;-0.294925;0.786461;0.622134;0.794257;0.363982;-0.733837;-0.676741;0.047939;-0.794185;-0.187902;0.853487;0.540009;-0.4001;0.089621;-0.808489;0.677141;-0.5881;0.532373;0.470608;0.85978;-0.646385;0.280325;0.529786;-0.029318;0.125915;0.361894;0.058081;-0.061356;-0.501119;-0.746185;-0.308397;-0.233326;0.494124;-0.325884;-0.669455;-0.68915;-0.108873;-0.049361;-0.035275;-0.577757;-0.096545;-0.701603;0.696767;-0.609056;0.57511;-0.76381;0.857914;0.109285;0.072432;0.292227;0.868366;0.642287;0.959344;-0.773286;-0.876171;-0.65732;-0.195944;-0.762558;-0.881226;-0.46617;0.417065;-0.235315;-0.837369;0.473643;-0.211872;0.626203;0.90651;-0.451854;-0.293139;0.839252;-0.937043;0.418592;0.628401;0.130465;-0.750744;0.817214;-0.717588;-0.280412;-0.125808;-0.324333;-0.096384;-0.768638;;;0.420689;0.352837;0.357472;-0.795757;0.52736;0.075827;-0.308796;0.020367;-0.397576;0.3545;0.060793;0.863928;0.42966;0.284879;-0.126714;0.952403;0.035977;0.969299;
-0.097286;0.45163;-0.97911;-0.617781;0.048998;0.546672;0.748495;-0.747866;0.709562;0.607407;0.400507;0.576605;-0.787212;-0.215078;0.281274;0.656226;0.862778;-0.937603;-0.515249;0.3272;-0.204258;-0.313573;0.73065;0.876607;-0.891711;-0.482757;0.308139;0.40704;0.129174;0.407222;0.954287;0.351467;-0.821151;-0.501228;0.4785;-0.29051;0.207572;0.294211;-0.634823;-0.539244;-0.917726;0.225659;-0.122881;-0.039184;0.328783;0.430531;-0.669959;-0.834959;-0.853231;-0.879978;-0.885749;0.138114;0.232233;-0.651021;0.949364;-0.739965;-0.554448;0.373594;0.702799;-0.719897;0.928098;0.184766;0.822509;-0.464425;-0.485347;-0.782611;-0.999964;-0.815871;0.699738;0.556515;-0.919197;0.393082;-0.461097;-0.749174;0.923508;0.60181;-0.117727;0.160426;-0.720002;0.877193;-0.664724;0.784142;-0.387779;0.693193;0.728071;0.245742;0.225176;-0.472484;-0.9486;0.31546;0.351219;0.568118;0.595289;-0.141002;-0.537063;0.367436;-0.43124;0.832259;0.237719;-0.987913;-0.8103;0.079295;-0.804642;0.88512;-0.379764;0.557227;0.359181;0.721799;-0.145777;-0.089126;0.276541;-0.815973;0.458642;0.26712;-0.439401;-0.507767;-0.579842;0.676273;0.187072;-0.888943;-0.889981;-0.682147;0.312883;0.207224;-0.319162;0.735745;0.86334;-0.490615;-0.834658;-0.957853;0.132648;0.631805;0.098003;-0.618453;-0.076459;0.576725;0.979083;-0.024633;-0.26457;0.008788;0.648138;-0.779412;-0.940363;-0.199874;-0.704901;-0.847017;-0.752734;-0.736251;-0.849481;-0.351214;-0.654667;0.844318;0.260172;-0.420765;-0.37851;-0.052237;-0.854897;0.488757;-0.197678;0.725501;-0.807955;0.142376;-0.163873;0.580456;0.50328;0.564157;-0.61326;-0.364167;-0.472867;0.732666;-0.782338;-0.999286;-0.799555;0.681734;-0.123554;0.346175;0.882078;0.458386;0.3026;-0.290592;-0.305016;0.136257;1.040823;-0.451861;0.044325;0.290693;0.136864;-0.846621;-0.627051;0.576196;-0.208957;0.952158;-0.258728;0.658001;-0.545033;0.500034;-0.392837;-0.073621;-0.472103;0.966744;-0.183459;0.286172;0.998702;-0.237082;0.583179;-0.555917;0.211151;0.004275;0.040228;-0.743409;0.914794;-1.009087;0.690454;0.385628;-0.560218;0.741174;-0.625923;0.459635;0.4973;-0.820157;0.777723;0.005018;-0.164359;0.888959;-0.633446;-0.851668;0.66361;-0.317986;0.752737;0.766468;0.843865;0.628266;-0.835977;-0.594013;0.109723;0.349429;0.669775;0.638264;-0.071648;0.902498;0.673795;0.519479;0.401683;-0.705154;-0.203231;0.363832;-0.83613;0.238289;0.509077;0.685215;-0.097072;0.490389;-1.021786;0.613813;-0.90888;-0.787925;0.627801;0.840148;0.160854;0.414273;-0.060335;-0.13122;0.413457;0.183439;-0.416933;0.395685;0.379023;-0.290315;0.850679;-0.291491;-0.18552;-0.523346;0.301986;-0.450975;-0.278326;-0.130987;-0.026537;0.5692;0.634599;-0.81282;0.289355;0.956277;-0.4757;-0.209928;-0.765969;0.330321;-0.115639;0.967513;0.968558;0.53394;-0.429476;0.178842;-0.850705;0.085863;0.260101;-0.988494;-0.52367;0.665319;0.005394;-0.837526;-0.614745;-0.547757;0.430847;0.076898;0.558346;0.004579;-0.076731;0.687375;0.609513;-0.775655;0.954295;0.622781;-0.525821;0.640809;-0.830457;0.130114;0.381523;0.424145;-0.234783;0.329471;0.769173;-0.672371;0.738604;0.41079;;;-0.644445;-0.369397;-0.937433;0.02127;0.371051;-0.462241;0.518168;-0.816662;1.127418;0.842703;0.383916;-0.221105;-0.69642;0.492646;0.851642;-0.066468;-0.705784;-0.391855;
-0.894351;0.02163;0.493185;0.269339;-0.345721;-0.586041;0.43729;0.491149;0.610609;-0.581822;0.398707;-0.166512;-0.162674;0.185829;-0.059133;-0.854291;-0.407609;0.784812;-0.105587;0.507746;-0.543369;0.69418;0.777712;-0.347366;0.634261;0.103372;0.766147;-0.730044;0.143449;0.180988;0.813383;-0.000189;0.170404;0.825701;-1.123287;-0.651971;-0.709292;-0.771425;-0.355049;-0.446175;-0.38367;0.675868;-0.826034;-0.328887;-0.350791;0.807946;0.193837;-0.341365;0.070013;0.928345;0.259849;0.284473;-0.767761;0.260186;-0.130112;-0.711358;0.758681;-0.802425;0.47506;-0.661388;0.750357;-0.056308;0.161837;-0.405221;0.855815;0.738847;0.432121;-0.470271;0.904243;-0.423982;-0.023715;0.409504;0.912227;0.431761;0.34846;0.54318;-1.037756;-0.194165;0.865243;-0.514816;-0.802592;-0.818746;0.460367;0.369041;-0.686032;-0.810509;0.383089;-0.170607;0.994468;-0.482903;-0.354645;-0.527443;0.629765;-0.748993;0.966125;-0.740553;0.451513;1.000107;0.161677;0.910287;-0.693464;0.32521;-0.696524;-0.69937;0.58744;0.060152;0.434137;0.432454;-0.364732;0.744286;-0.656399;0.141359;0.057155;0.666562;-0.762752;0.046611;-0.027416;0.719542;-0.506636;-0.859735;0.782304;-0.152337;0.703477;0.972042;-0.212266;-0.590803;-0.458029;0.532329;-0.585182;0.796463;-0.402818;-0.141813;0.0105;-0.269383;-0.506622;0.438552;-0.875187;0.444615;0.143859;0.310634;0.616279;0.147725;0.521563;0.390897;0.948964;0.782562;-0.534967;-0.607761;-0.939881;0.859801;0.546476;0.906798;-0.294999;-0.099031;-0.741309;0.396167;0.784094;-0.745111;0.169367;-0.930511;0.168148;-0.056907;0.61918;0.073169;0.800055;-0.803688;-0.239207;0.817775;-0.491569;-0.369882;-0.563998;-0.677048;0.874697;0.658931;0.591628;0.458998;0.865679;0.114622;-0.727937;-0.350515;0.400911;0.820059;0.234355;0.907492;-0.889514;0.099388;-0.501646;-0.283073;-0.256513;-0.734039;-0.063821;-0.317278;0.402001;0.583437;0.305037;-0.125527;-0.761044;0.767009;-0.356371;-0.285064;0.445075;-0.915254;0.914325;0.464954;-0.452658;-0.421426;-1.170581;-0.122872;-0.613817;-0.664692;-0.12987;0.074817;-0.757486;-0.464133;-0.181912;-0.483736;-0.838005;-0.88374;-0.229489;-0.301829;0.988047;-0.729855;0.455315;-0.497923;0.448;-0.083907;-0.636852;0.030779;0.422707;0.722687;0.561629;-0.566637;-0.126838;-0.890111;0.769803;0.278288;0.534811;0.258116;0.399706;0.764931;-0.289829;-0.121917;-0.141884;0.416164;0.370433;-0.092879;0.865688;0.049255;-0.628533;-0.630624;-0.266976;-0.732662;-0.00827;-0.590331;-0.245948;0.824337;-0.070796;0.564644;0.34507;-0.582013;0.605019;0.678633;-0.871419;-0.472981;-0.281865;0.795255;-0.113549;0.54541;-0.753537;0.22416;0.014066;-0.652151;-0.297347;0.665551;0.542663;0.577264;-0.222595;0.708754;0.958734;-0.414021;-0.334359;0.43015;0.01128;0.474245;-0.193521;0.383624;-0.459804;-0.756657;0.068308;0.361609;-0.285439;0.132712;0.242176;-0.402019;0.007595;0.815151;-0.529429;-0.273884;-0.587763;-0.663948;-0.500929;0.849678;-0.036743;-0.847726;0.468743;-0.127774;0.639601;-0.763505;0.659638;-0.520936;0.943499;0.320618;-0.499134;0.944583;-0.009402;0.757499;0.981988;-0.401349;0.607204;-0.891058;0.979598;0.602329;-0.943309;-0.874525;;;0.453323;0.059597;-0.403695;0.36834;-0.422679;-0.489878;1.207793;0.068118;0.131921;-0.74213;-0.583596;-0.499079;-0.024862;-0.376046;-0.114867;-0.296214;-0.204962;-0.992614;
0.391511;0.705496;-0.921802;0.132466;-0.377913;0.471313;0.289743;0.247496;-0.433578;-0.844651;0.196923;-0.429426;0.784377;0.605439;0.947261;-0.653275;0.050711;-1.106799;-0.281739;1.295427;0.455681;1.018378;-0.459139;-0.052559;0.070641;0.924033;0.211028;0.314152;0.754906;-0.78506;-0.188619;-0.284709;0.42724;0.403154;0.445558;0.642366;0.154697;-0.413062;-0.208765;-0.05172;0.160241;-0.48766;0.634712;0.794319;-0.530391;-0.690127;-0.026306;0.055908;-0.84466;0.791379;-0.679335;1.177309;-0.763557;-0.148304;0.27752;0.868967;0.653896;0.436824;0.928212;0.172828;-0.911692;-0.290089;-0.668556;0.864326;0.741542;-0.842732;0.824514;-0.624491;-0.649558;-0.863394;-0.296669;0.510015;0.020229;1.068579;0.175548;0.373164;-0.984198;-0.019842;1.138327;-0.322472;-0.247611;-0.169401;0.311728;0.109139;0.044179;0.238148;1.135515;0.805912;-0.329723;-0.482995;0.479084;1.165528;0.201585;-0.780343;-1.007062;0.747779;0.952582;1.179252;0.201472;-0.019512;-0.689565;-0.771543;0.166311;0.706402;0.974501;0.973858;0.69962;-0.589379;-0.778007;-0.573206;-0.195344;0.016815;0.435362;-0.27122;0.204825;-0.190456;0.295401;-0.304777;-0.695128;-0.19746;-0.776716;-0.155501;0.71735;-1.064074;0.455016;-0.221609;0.068199;-1.196318;-0.109209;-0.124353;0.884928;-0.326556;0.744763;0.138861;0.0381;0.692475;0.539003;-0.714004;0.502336;0.32017;0.410972;-0.345536;-0.333492;0.140483;-0.054413;0.187996;0.295805;-0.377613;0.80837;-0.834602;0.912626;0.584936;-0.048602;0.855979;-0.57172;-0.250003;-0.238492;0.68494;1.309823;0.182325;0.52924;0.070217;-0.814295;-0.160051;0.349706;0.662093;0.431688;-0.957613;0.809093;0.822053;-1.145062;0.280494;-0.300038;0.948737;-0.361916;0.107793;1.216676;-0.635561;-0.296379;0.171945;0.429612;-0.993621;-0.886791;0.048242;-0.348457;0.907582;0.106847;-0.187324;0.786777;0.128572;-0.529805;0.663535;0.879519;0.786252;-0.693971;0.317111;-0.138691;0.752405;-1.033181;-0.621936;0.178841;-0.37787;0.013882;-0.561619;0.721061;-0.303011;-0.317849;0.074327;-0.088;0.065529;-0.605524;0.83951;-0.416108;0.547799;0.325971;0.497625;0.808092;-0.358928;-0.884442;0.127818;1.102677;-0.189041;0.181691;-0.054254;-0.194629;1.088397;-0.002161;-0.68255;-0.20768;-0.60283;-0.755542;0.613455;-0.031344;-0.512036;0.391922;0.007126;0.469232;-0.443642;0.235367;-0.27272;0.447062;-0.777845;0.577152;-0.541473;0.332264;-0.551064;0.675961;0.777106;0.426076;1.018497;-0.382742;0.83688;0.871611;-0.489132;0.465637;0.185014;0.847098;0.547361;-0.095136;0.422516;-0.529675;-0.609795;0.06856;0.336208;0.051743;0.958469;-0.646998;0.045297;0.560248;-0.582716;-0.263986;0.100029;-0.656156;0.961689;0.119376;-0.223703;0.139293;-1.18579;-0.269686;-0.409259;-0.739742;-0.486104;-0.48739;-0.464198;-0.153057;0.461951;0.244481;0.366808;-0.127353;-1.187374;0.326345;0.437526;-0.407869;0.94367;-0.130828;-0.070274;0.619321;0.329263;-1.123138;0.177745;1.053786;0.39802;-0.777898;0.238937;0.666314;-0.335661;0.058258;-0.551142;0.280842;-0.563208;-0.693813;-0.206477;-0.803768;0.939321;0.153136;-0.362615;-0.396512;-0.814168;0.853126;-0.870064;0.554577;0.890214;0.630181;-1.078044;;;-0.847305;1.021356;0.166345;0.524636;1.195323;2.330003;0.641149;-0.408601;1.121808;0.942466;-0.610713;0.088666;-0.592936;0.951155;-0.297125;-1.244987;-1.506476;1.157313;
0.599972;-0.235173;1.018244;-0.509974;-0.704166;-1.570848;1.269213;1.686235;0.783566;-0.160187;0.600212;-1.356359;0.306551;-0.379403;1.369812;0.870093;0.598551;0.331293;-0.545261;1.218146;0.668671;-0.096962;1.011525;1.673612;-0.191152;0.226802;0.353052;0.970278;-0.532119;0.199918;0.278672;0.42905;0.43049;0.03525;-0.320817;1.075567;0.952707;-0.781409;0.3889;0.430832;1.054403;-0.65806;0.660683;-0.644333;-0.278769;1.145928;0.546881;0.414082;-0.755486;0.482997;0.752063;0.342721;0.187056;1.109197;-0.069959;-0.608777;-0.924059;0.890694;0.589779;-0.223079;-0.912781;0.931906;0.374589;-0.835063;1.038341;-0.956545;-0.576704;-0.731465;0.98233;0.892448;0.824579;-1.08263;-0.777146;-0.172958;-0.354317;-0.348516;1.035836;0.277516;0.695396;0.474878;0.904061;0.841285;0.397807;-0.164252;0.767324;0.050299;0.816343;-0.499823;-0.788856;0.481101;-0.639607;0.174129;-1.057618;0.043986;-0.537785;-0.214241;-0.884639;0.093093;0.100034;-0.877571;0.992535;-0.730809;0.812096;-0.046307;0.95955;-0.377552;-0.442395;-0.608525;0.310713;0.263672;0.323044;-0.446632;1.201726;1.205207;0.57864;-0.60037;0.428285;0.10988;-0.506981;-0.646267;-0.654028;0.261308;-0.718741;0.019798;-0.576717;0.070629;-0.387208;-0.987831;0.357782;-0.143366;-0.294086;-1.3187;-0.408691;0.119309;-0.466491;-0.456566;0.137455;0.377725;1.298873;-0.407555;0.043925;0.775714;-0.305033;-0.590212;-0.554456;0.318782;0.123123;0.263228;-0.300801;-1.627579;0.610238;0.836356;-0.555738;-0.988768;-0.72735;0.827803;0.692247;0.176154;0.6733;0.705662;-0.759886;0.432219;-0.887407;-1.126622;0.336601;-0.461527;0.329254;-0.670991;0.433604;-0.235434;-0.25819;0.845976;-0.238213;-0.573167;0.804113;-0.935742;0.865077;0.559233;-0.484352;-0.426922;0.664897;-0.258587;-0.837114;0.180644;-1.340488;0.367792;0.481338;0.358982;-0.598648;-0.125676;0.609761;-0.128156;0.169914;-0.377004;-0.138706;-0.594114;0.242561;-0.807202;-0.31195;0.795406;-0.419833;0.763617;0.398085;-1.008138;-0.73222;-0.058974;-0.532829;-0.224517;0.900464;-0.539549;0.617602;-0.55001;0.771892;0.623184;-0.371725;-0.032626;-0.138008;-0.282694;0.063322;-0.209421;0.403871;1.63121;-0.924137;0.070705;0.702596;-0.163932;-0.281247;0.793369;-0.587073;0.948835;-0.392711;-0.303368;-0.754644;0.638722;-1.000614;-0.218038;0.569467;0.332284;0.913164;-0.699123;-0.741073;-0.839102;0.741426;-0.16554;-0.525619;-0.061016;-0.821998;-0.497757;0.029399;-0.281553;-0.506067;0.52672;-0.056352;-0.144629;0.091934;0.507705;0.792372;-0.507391;-1.022262;-0.636801;-0.541866;-0.376771;0.520167;-0.653791;-0.395732;0.289833;-0.128415;-0.207929;0.365515;0.75023;0.828311;0.759773;-0.283871;-0.057458;-0.478166;0.14534;-0.863728;-0.719854;-0.115226;0.389848;-0.69107;-0.697019;-0.2209;-0.091284;-1.115138;-0.147135;0.352532;0.321597;-0.460519;-1.025401;-0.396766;-0.508411;-0.827475;-1.088426;0.216568;-0.591961;-0.552917;0.058565;0.717301;0.060717;-0.417289;-0.515234;-0.226878;0.456524;0.575691;-0.832493;0.67818;0.4753;-0.93256;-0.699025;0.902535;1.179917;0.577176;0.701982;1.029502;0.088896;-0.064722;0.909606;0.400302;-0.009288;0.356472;0.845082;-0.259957;0.328511;;;-2.990243;4.236504;-0.245644;-2.244813;-0.240946;-1.675012;2.609951;-1.797013;-1.093186;0.388028;-1.914716;-0.280738;3.174424;-0.114147;-1.236322;-0.267558;-2.159985;1.705113;
-1.983383;1.348146;0.220043;-0.358552;0.621419;-0.324225;1.168326;-0.656881;-0.740764;0.331179;0.293506;-0.801035;1.510679;-0.619599;-0.146645;-0.00983;-0.663053;-0.393072;-0.821647;-1.115978;0.116579;-0.33724;-0.996498;0.607193;-0.667913;0.671192;0.400541;-0.00833;0.657014;-0.015336;-0.717747;-0.690791;0.242149;0.548127;0.777814;-0.272828;1.530127;0.558336;0.239111;0.028508;0.237727;0.847338;-0.001049;1.006777;0.49882;0.320711;-0.826829;-0.722481;-0.753944;-0.667211;-0.199883;-0.404348;-0.047344;-0.277242;0.660649;-0.792629;0.073437;0.395052;-0.506412;0.671882;-0.334531;-0.089557;0.862281;-0.12101;0.314088;0.5852;0.087539;0.469993;-0.52314;-0.598783;0.091494;0.068809;-0.535269;0.749961;-0.143277;0.860019;0.998257;0.035818;0.469862;0.621516;-0.634686;-0.438165;0.574584;0.494036;-0.049094;2.0514;0.194707;-0.178747;-0.566903;0.470173;-0.192359;1.277321;0.150864;-0.18183;-0.239223;-0.865957;1.492601;-0.950411;-0.004295;-0.575462;0.33687;-0.166834;-0.087657;0.382493;-0.260653;0.374171;-0.862075;0.453253;-0.572712;1.528781;-0.421635;0.230916;-0.76756;-0.659815;1.342012;-0.130898;-0.752315;-0.562192;-0.462724;-0.109139;1.297585;0.136458;-0.870545;0.201324;-1.242913;0.133743;-0.800988;-0.236466;0.146287;-0.331548;0.248336;0.272553;-0.082364;-0.063833;-1.137076;-0.355255;-1.048223;0.410784;0.766958;0.441799;-0.345825;-0.38281;-0.91089;0.961582;1.206028;-0.532031;0.093874;0.057349;-0.059878;-0.31341;0.460866;1.11874;-0.45284;-0.291518;0.293266;0.919781;-0.704058;0.108409;-0.620002;0.762646;0.454584;0.817021;1.78909;0.091575;0.011814;1.137949;0.263393;0.716622;-1.405078;-0.14289;-0.501209;0.275617;0.0193;-0.016442;-0.634968;-0.520451;-0.140406;-0.203042;1.139051;-0.588726;-0.222137;0.125949;0.060286;0.736553;0.339353;-0.903294;-0.2347;0.14183;-0.092662;1.056729;-0.659781;-0.777008;0.049076;0.726941;-0.176944;-0.262916;-0.124445;0.544811;-0.666167;0.621217;0.575657;-0.682381;0.302095;-0.304869;0.460082;-1.233167;-0.090335;-1.011126;-0.789372;-0.443737;0.037445;-0.079042;-0.13999;0.627995;-0.727154;1.14199;0.801486;-1.469847;-0.385026;0.959687;-0.090544;-0.041162;-1.184897;0.84824;0.209042;0.663368;0.788156;0.22867;-1.236417;0.603677;0.434454;0.370004;0.235931;0.303351;0.383106;-0.536314;0.446339;0.682391;0.211714;0.083989;0.041585;1.407689;0.732749;-1.052684;-0.081008;0.592298;-1.525039;0.271774;0.706668;0.186791;0.170772;-0.759035;-1.161059;0.107134;-0.090628;0.171053;-0.335551;0.168747;0.477785;-0.200996;-0.707525;0.169735;0.488654;0.102044;0.692838;-0.38897;0.494945;-0.953008;-0.620791;0.999744;0.527835;0.154466;-0.428015;-0.456094;-1.005715;0.036258;-0.41715;0.435803;0.691275;0.775823;-0.281357;-1.084665;0.047944;-0.3427;-0.06211;-0.91927;-0.269066;0.694208;0.73339;0.270744;-1.191084;-0.433348;-0.254913;0.180887;-0.638455;0.902826;1.745188;1.199866;0.157239;-0.877384;0.240724;1.154754;-0.874078;-1.360897;-0.36682;-0.519373;-1.619821;1.074593;0.85331;-0.527229;-0.704693;0.027764;0.573727;0.159792;0.29527;0.824419;0.157005;0.472716;0.933321;0.700549;0.823434;-0.271191;-0.564424;0.084017;;;6.178652;-2.439551;-1.736502;-2.404213;-0.126543;3.556229;5.110886;3.257003;-1.899394;-4.680986;0.059622;4.174668;-4.753501;-3.303113;0.854439;0.348118;3.043199;0.182302;
-0.26558;-0.091034;0.70193;0.179176;-0.778743;1.101571;0.765183;0.046545;-2.320395;0.195529;0.153824;0.280486;-1.041427;-1.824425;0.321988;-0.906583;5.319209;-0.917317;1.561787;-2.699094;-1.827318;4.316232;-7.148544;2.478634;1.758644;0.224107;-5.22334;-1.389897;2.580316;1.769296;-3.571637;-3.977884;4.045538;2.876153;15.1525;-1.864942;1.475105;1.710797;-0.68628;-1.105292;-2.005044;0.392443;-0.755271;0.732137;-1.830174;-0.443844;0.035704;0.359756;-0.082796;-1.585658;1.553578;0.581632;3.801868;-0.298535;4.920882;-3.976771;-3.18862;-3.363236;1.379266;4.313458;4.183232;3.927594;-3.003869;-4.76702;2.006583;4.610535;-4.459364;-3.966151;2.732271;-0.265933;0.01469;2.293077;;;-0.282744;-2.576588;-0.533299;54.240146;
